sku,slug,nameTh,nameZh,nameEn,descriptionTh,descriptionZh,descriptionEn,priceCents,currency,stock,weightGrams,category,tags,images,active
BTL-DSC-PCH-1G,beauty-lab-peach-dark-spot-corrector-1-2g,บิวตี้แลป พีช ดาร์ค สปอต คอเรคเตอร์ 1.2 กรัม,Beauty Lab 蜜桃淡斑精华笔 1.2克,Beauty Lab Peach Dark Spot Corrector 1.2g,บิวตี้แลป พีช ดาร์ค สปอต คอเรคเตอร์ 1.2 กรัม สินค้าของแท้ 100% จาก 7-Eleven ประเทศไทย คัดสรรสินค้ายอดนิยมส่งตรงถึงมือคุณ,Beauty Lab 蜜桃淡斑精华笔 1.2克，泰国7-Eleven正品，精选泰国人气商品，泰国直邮。,"Beauty Lab Peach Dark Spot Corrector 1.2g — 100% authentic from 7-Eleven Thailand, shipped directly from Thailand.",6900,CNY,50,20,Skincare,Beauty|泰国护肤品|进口护肤|泰国正品|7-Eleven热销,https://ljvjlhinehgehdpjhbfe.supabase.co/storage/v1/object/public/siambox-products/products/btl-dsc-pch-1g.webp,true
JOJ-SHP-KRT-400ML,joji-secret-young-keratin-shampoo-400ml,Joji Secret Young แชมพูเคราติน 400 ml,Joji Secret Young 角蛋白修护洗发水 400毫升,Joji Secret Young Keratin Shampoo 400ml,Joji Secret Young แชมพูเคราติน 400 ml สินค้าของแท้ 100% จาก 7-Eleven ประเทศไทย คัดสรรสินค้ายอดนิยมส่งตรงถึงมือคุณ,Joji Secret Young 角蛋白修护洗发水 400毫升，泰国7-Eleven正品，精选泰国人气商品，泰国直邮。,"Joji Secret Young Keratin Shampoo 400ml — 100% authentic from 7-Eleven Thailand, shipped directly from Thailand.",12900,CNY,50,450,Hair Care,Joji|泰国洗护|头发护理|泰国正品|7-Eleven热销,https://ljvjlhinehgehdpjhbfe.supabase.co/storage/v1/object/public/siambox-products/products/joj-shp-krt-400ml.webp,true
CHM-LPT-PIM-3G,charmiss-paradise-island-mirror-lip-tint-3g,Charmiss ลิปทินท์ Paradise Island Mirror Tint 3 กรัม,Charmiss 天堂岛镜面唇釉 3克,Charmiss Paradise Island Mirror Tint 3g,Charmiss ลิปทินท์ Paradise Island Mirror Tint 3 กรัม สินค้าของแท้ 100% จาก 7-Eleven ประเทศไทย คัดสรรสินค้ายอดนิยมส่งตรงถึงมือคุณ,Charmiss 天堂岛镜面唇釉 3克，泰国7-Eleven正品，精选泰国人气商品，泰国直邮。,"Charmiss Paradise Island Mirror Tint 3g — 100% authentic from 7-Eleven Thailand, shipped directly from Thailand.",8900,CNY,50,30,Makeup,Charmiss|泰国美妆|进口彩妆|泰国正品|7-Eleven热销,https://ljvjlhinehgehdpjhbfe.supabase.co/storage/v1/object/public/siambox-products/products/chm-lpt-pim-3g.webp,true
SRJ-SUN-PURE-30G,siriraj-pure-physical-sunscreen-30g,ศิริราช เพียว ฟิสิคอล ซันสกรีน 30 กรัม,Siriraj 纯物理温和防晒霜 30克,Siriraj Pure Physical Sunscreen 30g,ศิริราช เพียว ฟิสิคอล ซันสกรีน 30 กรัม สินค้าของแท้ 100% จาก 7-Eleven ประเทศไทย คัดสรรสินค้ายอดนิยมส่งตรงถึงมือคุณ,Siriraj 纯物理温和防晒霜 30克，泰国7-Eleven正品，精选泰国人气商品，泰国直邮。,"Siriraj Pure Physical Sunscreen 30g — 100% authentic from 7-Eleven Thailand, shipped directly from Thailand.",20000,CNY,50,60,Skincare,Siriraj|泰国护肤品|进口护肤|泰国正品|7-Eleven热销,https://ljvjlhinehgehdpjhbfe.supabase.co/storage/v1/object/public/siambox-products/products/srj-sun-pure-30g.webp,true
GRV-SRM-RTN-8ML-6PK,gravich-retinol-complex-serum-8ml-6pcs,Gravich เซรั่ม Retinol Complex 8มล. (แพ็ก6),Gravich 视黄醇复合精华液 8毫升 (6支装),Gravich Retinol Complex Serum 8ml (Pack of 6),Gravich เซรั่ม Retinol Complex 8มล. (แพ็ก6) สินค้าของแท้ 100% จาก 7-Eleven ประเทศไทย คัดสรรสินค้ายอดนิยมส่งตรงถึงมือคุณ,Gravich 视黄醇复合精华液 8毫升 (6支装)，泰国7-Eleven正品，精选泰国人气商品，泰国直邮。,"Gravich Retinol Complex Serum 8ml (Pack of 6) — 100% authentic from 7-Eleven Thailand, shipped directly from Thailand.",12900,CNY,50,150,Skincare,Gravich|泰国护肤品|进口护肤|泰国正品|7-Eleven热销,https://ljvjlhinehgehdpjhbfe.supabase.co/storage/v1/object/public/siambox-products/products/grv-srm-rtn-8ml-6pk.webp,true
NAM-CSH-MGT-10G,nami-make-up-pro-magnet-cushion-10g,Nami คูชชั่น Make Up Pro Magnet Cushion 10 กรัม,Nami 磁力持妆气垫粉底 10克,Nami Make Up Pro Magnet Cushion 10g,Nami คูชชั่น Make Up Pro Magnet Cushion 10 กรัม สินค้าของแท้ 100% จาก 7-Eleven ประเทศไทย คัดสรรสินค้ายอดนิยมส่งตรงถึงมือคุณ,Nami 磁力持妆气垫粉底 10克，泰国7-Eleven正品，精选泰国人气商品，泰国直邮。,"Nami Make Up Pro Magnet Cushion 10g — 100% authentic from 7-Eleven Thailand, shipped directly from Thailand.",7900,CNY,50,80,Makeup,Nami|泰国美妆|进口彩妆|泰国正品|7-Eleven热销,https://ljvjlhinehgehdpjhbfe.supabase.co/storage/v1/object/public/siambox-products/products/nam-csh-mgt-10g.webp,true
SRJ-SUN-TINT-30G,siriraj-tint-physical-sunscreen-30g,ศิริราช ทินท์ ฟิสิคอล ซันสกรีน 30 กรัม,Siriraj 润色物理防晒霜 30克,Siriraj Tint Physical Sunscreen 30g,ศิริราช ทินท์ ฟิสิคอล ซันสกรีน 30 กรัม สินค้าของแท้ 100% จาก 7-Eleven ประเทศไทย คัดสรรสินค้ายอดนิยมส่งตรงถึงมือคุณ,Siriraj 润色物理防晒霜 30克，泰国7-Eleven正品，精选泰国人气商品，泰国直邮。,"Siriraj Tint Physical Sunscreen 30g — 100% authentic from 7-Eleven Thailand, shipped directly from Thailand.",21400,CNY,50,60,Skincare,Siriraj|泰国护肤品|进口护肤|泰国正品|7-Eleven热销,https://ljvjlhinehgehdpjhbfe.supabase.co/storage/v1/object/public/siambox-products/products/srj-sun-tint-30g.webp,true
MRZ-PWD-SET-4G,merrezca-face-touch-setting-powder-4-4g,Merrezca แป้งไพรเมอร์ Face Touch Setting Powder 4.4 กรัม,Merrezca 定妆控油蜜粉 4.4克,Merrezca Face Touch Setting Powder 4.4g,Merrezca แป้งไพรเมอร์ Face Touch Setting Powder 4.4 กรัม สินค้าของแท้ 100% จาก 7-Eleven ประเทศไทย คัดสรรสินค้ายอดนิยมส่งตรงถึงมือคุณ,Merrezca 定妆控油蜜粉 4.4克，泰国7-Eleven正品，精选泰国人气商品，泰国直邮。,"Merrezca Face Touch Setting Powder 4.4g — 100% authentic from 7-Eleven Thailand, shipped directly from Thailand.",8800,CNY,50,30,Makeup,Merrezca|泰国美妆|进口彩妆|泰国正品|7-Eleven热销,https://ljvjlhinehgehdpjhbfe.supabase.co/storage/v1/object/public/siambox-products/products/mrz-pwd-set-4g.webp,true
AR-PWD-EVG-25G,ar-ever-glow-foundation-powder-25-4g,AR แป้งผสมรองพื้น Ever Glow Foundation Powder 25.4 กรัม,AR 持妆光泽粉饼 25.4克,AR Ever Glow Foundation Powder 25.4g,AR แป้งผสมรองพื้น Ever Glow Foundation Powder 25.4 กรัม สินค้าของแท้ 100% จาก 7-Eleven ประเทศไทย คัดสรรสินค้ายอดนิยมส่งตรงถึงมือคุณ,AR 持妆光泽粉饼 25.4克，泰国7-Eleven正品，精选泰国人气商品，泰国直邮。,"AR Ever Glow Foundation Powder 25.4g — 100% authentic from 7-Eleven Thailand, shipped directly from Thailand.",6900,CNY,50,80,Makeup,AR|泰国美妆|进口彩妆|泰国正品|7-Eleven热销,https://ljvjlhinehgehdpjhbfe.supabase.co/storage/v1/object/public/siambox-products/products/ar-pwd-evg-25g.webp,true
SMT-LIP-PJL-2G-6PK,smooto-plumping-jelly-lip-2g-6pcs,Smooto ลิปสติก Plumping Jelly Lip 2 กรัม (แพ็ก6ชิ้น),Smooto 果冻丰唇膏 2克 (6支装),Smooto Plumping Jelly Lip 2g (Pack of 6),Smooto ลิปสติก Plumping Jelly Lip 2 กรัม (แพ็ก6ชิ้น) สินค้าของแท้ 100% จาก 7-Eleven ประเทศไทย คัดสรรสินค้ายอดนิยมส่งตรงถึงมือคุณ,Smooto 果冻丰唇膏 2克 (6支装)，泰国7-Eleven正品，精选泰国人气商品，泰国直邮。,"Smooto Plumping Jelly Lip 2g (Pack of 6) — 100% authentic from 7-Eleven Thailand, shipped directly from Thailand.",13900,CNY,50,100,Makeup,Smooto|泰国美妆|进口彩妆|泰国正品|7-Eleven热销,https://ljvjlhinehgehdpjhbfe.supabase.co/storage/v1/object/public/siambox-products/products/smt-lip-pjl-2g-6pk.webp,true
RJK-MSK-GLD-6PK,rojukiss-perfect-poreless-gold-mask-6pcs,โรจูคิส แผ่นมาส์กหน้าเพอร์เฟคพอร์เลส (ทอง) (แพ็ก 6 ชิ้น),Rojukiss 完美毛孔黄金面膜 (6片装),Rojukiss Perfect Poreless Gold Mask (Pack of 6),โรจูคิส แผ่นมาส์กหน้าเพอร์เฟคพอร์เลส (ทอง) (แพ็ก 6 ชิ้น) สินค้าของแท้ 100% จาก 7-Eleven ประเทศไทย คัดสรรสินค้ายอดนิยมส่งตรงถึงมือคุณ,Rojukiss 完美毛孔黄金面膜 (6片装)，泰国7-Eleven正品，精选泰国人气商品，泰国直邮。,"Rojukiss Perfect Poreless Gold Mask (Pack of 6) — 100% authentic from 7-Eleven Thailand, shipped directly from Thailand.",13200,CNY,50,200,Skincare,Rojukiss|泰国护肤品|进口护肤|泰国正品|7-Eleven热销,https://ljvjlhinehgehdpjhbfe.supabase.co/storage/v1/object/public/siambox-products/products/rjk-msk-gld-6pk.webp,true
SRC-PWD-TRL-4G,srichand-bare-to-perfect-translucent-powder-4-5g,ศรีจันทร์แบร์ทูเพอร์เฟคท์ ทรานส์ลูเซนท์คอมแพคพาวเดอร์ 4.5 กรัม,Srichand 透明控油蜜粉饼 4.5克,Srichand Bare to Perfect Translucent Powder 4.5g,ศรีจันทร์แบร์ทูเพอร์เฟคท์ ทรานส์ลูเซนท์คอมแพคพาวเดอร์ 4.5 กรัม สินค้าของแท้ 100% จาก 7-Eleven ประเทศไทย คัดสรรสินค้ายอดนิยมส่งตรงถึงมือคุณ,Srichand 透明控油蜜粉饼 4.5克，泰国7-Eleven正品，精选泰国人气商品，泰国直邮。,"Srichand Bare to Perfect Translucent Powder 4.5g — 100% authentic from 7-Eleven Thailand, shipped directly from Thailand.",5500,CNY,50,40,Makeup,Srichand|泰国美妆|进口彩妆|泰国正品|7-Eleven热销,https://ljvjlhinehgehdpjhbfe.supabase.co/storage/v1/object/public/siambox-products/products/src-pwd-trl-4g.webp,true
FNL-SFT-VLD-470ML-3PK,fineline-violet-dream-fabric-softener-470ml-3pcs,ไฟน์ไลน์ น้ำปรับผ้านุ่ม กลิ่น ไวโอเลต ดรีม สีม่วง 470 มล.(แพ็ก 3 ชิ้น),Fineline 紫罗兰梦幻衣物柔顺剂 470毫升 (3瓶装),Fineline Violet Dream Fabric Softener 470ml (Pack of 3),ไฟน์ไลน์ น้ำปรับผ้านุ่ม กลิ่น ไวโอเลต ดรีม สีม่วง 470 มล.(แพ็ก 3 ชิ้น) สินค้าของแท้ 100% จาก 7-Eleven ประเทศไทย คัดสรรสินค้ายอดนิยมส่งตรงถึงมือคุณ,Fineline 紫罗兰梦幻衣物柔顺剂 470毫升 (3瓶装)，泰国7-Eleven正品，精选泰国人气商品，泰国直邮。,"Fineline Violet Dream Fabric Softener 470ml (Pack of 3) — 100% authentic from 7-Eleven Thailand, shipped directly from Thailand.",6800,CNY,50,1500,Household,Fineline|泰国家居|衣物护理|香味柔顺剂|泰国正品,https://ljvjlhinehgehdpjhbfe.supabase.co/storage/v1/object/public/siambox-products/products/fnl-sft-vld-470ml-3pk.webp,true
FNL-SFT-SWS-490ML,fineline-deluxe-perfume-sweet-scent-softener-490ml,ไฟน์ไลน์ ดีลักซ์ เพอร์ฟูม ปรับผ้านุ่ม สวีท เซนท์ ชมพู 490 มล.,Fineline 奢华香水衣物柔顺剂 甜心粉 490毫升,Fineline Deluxe Perfume Sweet Scent Softener 490ml,ไฟน์ไลน์ ดีลักซ์ เพอร์ฟูม ปรับผ้านุ่ม สวีท เซนท์ ชมพู 490 มล. สินค้าของแท้ 100% จาก 7-Eleven ประเทศไทย คัดสรรสินค้ายอดนิยมส่งตรงถึงมือคุณ,Fineline 奢华香水衣物柔顺剂 甜心粉 490毫升，泰国7-Eleven正品，精选泰国人气商品，泰国直邮。,"Fineline Deluxe Perfume Sweet Scent Softener 490ml — 100% authentic from 7-Eleven Thailand, shipped directly from Thailand.",4100,CNY,50,550,Household,Fineline|泰国家居|衣物护理|香味柔顺剂|泰国正品,https://ljvjlhinehgehdpjhbfe.supabase.co/storage/v1/object/public/siambox-products/products/fnl-sft-sws-490ml.webp,true
FNL-DET-SNG-550ML,fineline-plus-liquid-detergent-sunny-gold-550ml,ไฟน์ไลน์พลัสซักผ้าชนิดน้ำสีทอง 550 มล.,Fineline Plus 洗衣液 阳光金 550毫升,Fineline Plus Liquid Detergent Sunny Gold 550ml,ไฟน์ไลน์พลัสซักผ้าชนิดน้ำสีทอง 550 มล. สินค้าของแท้ 100% จาก 7-Eleven ประเทศไทย คัดสรรสินค้ายอดนิยมส่งตรงถึงมือคุณ,Fineline Plus 洗衣液 阳光金 550毫升，泰国7-Eleven正品，精选泰国人气商品，泰国直邮。,"Fineline Plus Liquid Detergent Sunny Gold 550ml — 100% authentic from 7-Eleven Thailand, shipped directly from Thailand.",4800,CNY,50,600,Household,Fineline|泰国家居|衣物护理|香味柔顺剂|泰国正品,https://ljvjlhinehgehdpjhbfe.supabase.co/storage/v1/object/public/siambox-products/products/fnl-det-sng-550ml.webp,true
BRE-DET-HVB-550ML,breeze-excel-heaven-blossom-detergent-550ml,บรีส เอกเซล น้ำยาซักผ้า เฮฟเวน บลอสซั่ม 550 มล.,Breeze Excel 洗衣液 天堂花香 550毫升,Breeze Excel Heaven Blossom Detergent 550ml,บรีส เอกเซล น้ำยาซักผ้า เฮฟเวน บลอสซั่ม 550 มล. สินค้าของแท้ 100% จาก 7-Eleven ประเทศไทย คัดสรรสินค้ายอดนิยมส่งตรงถึงมือคุณ,Breeze Excel 洗衣液 天堂花香 550毫升，泰国7-Eleven正品，精选泰国人气商品，泰国直邮。,"Breeze Excel Heaven Blossom Detergent 550ml — 100% authentic from 7-Eleven Thailand, shipped directly from Thailand.",5500,CNY,50,600,Household,Breeze|泰国家居|衣物护理|香味柔顺剂|泰国正品,https://ljvjlhinehgehdpjhbfe.supabase.co/storage/v1/object/public/siambox-products/products/bre-det-hvb-550ml.webp,true
HYG-SFT-MKT-480ML,hygiene-milky-touch-softener-480ml,ไฮยีน น้ำยาปรับผ้านุ่ม มิลค์กี้ทัช 480 มล.,Hygiene 牛奶触感衣物柔顺剂 480毫升,Hygiene Milky Touch Fabric Softener 480ml,ไฮยีน น้ำยาปรับผ้านุ่ม มิลค์กี้ทัช 480 มล. สินค้าของแท้ 100% จาก 7-Eleven ประเทศไทย คัดสรรสินค้ายอดนิยมส่งตรงถึงมือคุณ,Hygiene 牛奶触感衣物柔顺剂 480毫升，泰国7-Eleven正品，精选泰国人气商品，泰国直邮。,"Hygiene Milky Touch Fabric Softener 480ml — 100% authentic from 7-Eleven Thailand, shipped directly from Thailand.",5900,CNY,50,530,Household,Hygiene|泰国家居|衣物护理|香味柔顺剂|泰国正品,https://ljvjlhinehgehdpjhbfe.supabase.co/storage/v1/object/public/siambox-products/products/hyg-sft-mkt-480ml.webp,true
DWN-SFT-SRF-300ML,downy-sunrise-fresh-softener-300ml,ดาวน์นี่ น้ำยาปรับผ้านุ่ม ซันไรซ์เฟรช 300 มล.,Downy 清晨清新浓缩衣物柔顺剂 300毫升,Downy Sunrise Fresh Fabric Softener 300ml,ดาวน์นี่ น้ำยาปรับผ้านุ่ม ซันไรซ์เฟรช 300 มล. สินค้าของแท้ 100% จาก 7-Eleven ประเทศไทย คัดสรรสินค้ายอดนิยมส่งตรงถึงมือคุณ,Downy 清晨清新浓缩衣物柔顺剂 300毫升，泰国7-Eleven正品，精选泰国人气商品，泰国直邮。,"Downy Sunrise Fresh Fabric Softener 300ml — 100% authentic from 7-Eleven Thailand, shipped directly from Thailand.",5900,CNY,50,350,Household,Downy|泰国家居|衣物护理|香味柔顺剂|泰国正品,https://ljvjlhinehgehdpjhbfe.supabase.co/storage/v1/object/public/siambox-products/products/dwn-sft-srf-300ml.webp,true
HYG-SFT-LVT-480ML,hygiene-love-touch-softener-480ml,ไฮยีน น้ำยาปรับผ้านุ่ม เลิฟทัช 480 มล.,Hygiene 爱恋触感衣物柔顺剂 480毫升,Hygiene Love Touch Fabric Softener 480ml,ไฮยีน น้ำยาปรับผ้านุ่ม เลิฟทัช 480 มล. สินค้าของแท้ 100% จาก 7-Eleven ประเทศไทย คัดสรรสินค้ายอดนิยมส่งตรงถึงมือคุณ,Hygiene 爱恋触感衣物柔顺剂 480毫升，泰国7-Eleven正品，精选泰国人气商品，泰国直邮。,"Hygiene Love Touch Fabric Softener 480ml — 100% authentic from 7-Eleven Thailand, shipped directly from Thailand.",5900,CNY,50,530,Household,Hygiene|泰国家居|衣物护理|香味柔顺剂|泰国正品,https://ljvjlhinehgehdpjhbfe.supabase.co/storage/v1/object/public/siambox-products/products/hyg-sft-lvt-480ml.webp,true
CLC-WFR-CHS-27G-12PK,calcheese-cheese-cream-wafer-27-5g-12pcs,แคลชีส เวเฟอร์สอดไส้ครีมรสชีส 27.5 กรัม (แพ็ก 12 ชิ้น),Calcheese 芝士奶油夹心威化饼 27.5克 (12件装),Calcheese Cheese Cream Wafer 27.5g (Pack of 12),แคลชีส เวเฟอร์สอดไส้ครีมรสชีส 27.5 กรัม (แพ็ก 12 ชิ้น) สินค้าของแท้ 100% จาก 7-Eleven ประเทศไทย คัดสรรสินค้ายอดนิยมส่งตรงถึงมือคุณ,Calcheese 芝士奶油夹心威化饼 27.5克 (12件装)，泰国7-Eleven正品，精选泰国人气商品，泰国直邮。,"Calcheese Cheese Cream Wafer 27.5g (Pack of 12) — 100% authentic from 7-Eleven Thailand, shipped directly from Thailand.",4800,CNY,50,400,Snack,Calcheese|泰国零食|进口零食|泰国特产|休闲食品|7-Eleven热销,https://ljvjlhinehgehdpjhbfe.supabase.co/storage/v1/object/public/siambox-products/products/clc-wfr-chs-27g-12pk.webp,true
CRF-CDY-CLS-25G-12PK,coryfin-c-classic-candy-25-2g-12pcs,คอริฟินซี ลูกอมรสคลาสสิค 25.2 กรัม (แพ็ก 12 ถุง),Coryfin C 经典润喉糖 25.2克 (12袋装),Coryfin C Classic Candy 25.2g (Pack of 12),คอริฟินซี ลูกอมรสคลาสสิค 25.2 กรัม (แพ็ก 12 ถุง) สินค้าของแท้ 100% จาก 7-Eleven ประเทศไทย คัดสรรสินค้ายอดนิยมส่งตรงถึงมือคุณ,Coryfin C 经典润喉糖 25.2克 (12袋装)，泰国7-Eleven正品，精选泰国人气商品，泰国直邮。,"Coryfin C Classic Candy 25.2g (Pack of 12) — 100% authentic from 7-Eleven Thailand, shipped directly from Thailand.",4200,CNY,50,350,Snack,Coryfin|泰国零食|进口零食|泰国特产|休闲食品|7-Eleven热销,https://ljvjlhinehgehdpjhbfe.supabase.co/storage/v1/object/public/siambox-products/products/crf-cdy-cls-25g-12pk.webp,true
GCC-WFR-ROL-12G-20PK,go-choco-roll-wafer-stick-12-5g-20pcs,โกช็อกโก โรล เวเฟอร์สติ๊กสอดไส้ครีมช็อกโกแลต 12.5 กรัม (แพ็ก 20 ชิ้น),Go Choco 巧克力夹心威化卷 12.5克 (20件装),Go Choco Roll Wafer Stick 12.5g (Pack of 20),โกช็อกโก โรล เวเฟอร์สติ๊กสอดไส้ครีมช็อกโกแลต 12.5 กรัม (แพ็ก 20 ชิ้น) สินค้าของแท้ 100% จาก 7-Eleven ประเทศไทย คัดสรรสินค้ายอดนิยมส่งตรงถึงมือคุณ,Go Choco 巧克力夹心威化卷 12.5克 (20件装)，泰国7-Eleven正品，精选泰国人气商品，泰国直邮。,"Go Choco Roll Wafer Stick 12.5g (Pack of 20) — 100% authentic from 7-Eleven Thailand, shipped directly from Thailand.",3100,CNY,50,300,Snack,Go|泰国零食|进口零食|泰国特产|休闲食品|7-Eleven热销,https://ljvjlhinehgehdpjhbfe.supabase.co/storage/v1/object/public/siambox-products/products/gcc-wfr-rol-12g-20pk.webp,true
CKM-WFR-MLK-25G-10PK,choco-mucho-milk-chocolate-wafer-25g-10pcs,ช็อกโกมูโช เวเฟอร์ มิลค์ช็อกโกแลต 25 กรัม (แพ็ก 10 ชิ้น),Choco Mucho 牛奶巧克力威化 25克 (10件装),Choco Mucho Milk Chocolate Wafer 25g (Pack of 10),ช็อกโกมูโช เวเฟอร์ มิลค์ช็อกโกแลต 25 กรัม (แพ็ก 10 ชิ้น) สินค้าของแท้ 100% จาก 7-Eleven ประเทศไทย คัดสรรสินค้ายอดนิยมส่งตรงถึงมือคุณ,Choco Mucho 牛奶巧克力威化 25克 (10件装)，泰国7-Eleven正品，精选泰国人气商品，泰国直邮。,"Choco Mucho Milk Chocolate Wafer 25g (Pack of 10) — 100% authentic from 7-Eleven Thailand, shipped directly from Thailand.",4000,CNY,50,300,Snack,Choco|泰国零食|进口零食|泰国特产|休闲食品|7-Eleven热销,https://ljvjlhinehgehdpjhbfe.supabase.co/storage/v1/object/public/siambox-products/products/ckm-wfr-mlk-25g-10pk.webp,true
TVL-WFR-TWJ-35G-12PK,tivoli-twin-jumbo-chocolate-wafer-35g-12pcs,ทิวลี่ทวินจัมโบ้ เวเฟอร์สอดไส้ครีมเคลือบช็อกโกแลต 35 กรัม (แพ็ก 12 ชิ้น),Tivoli 双重巨无霸巧克力涂层威化 35克 (12件装),Tivoli Twin Jumbo Chocolate Coated Wafer 35g (Pack of 12),ทิวลี่ทวินจัมโบ้ เวเฟอร์สอดไส้ครีมเคลือบช็อกโกแลต 35 กรัม (แพ็ก 12 ชิ้น) สินค้าของแท้ 100% จาก 7-Eleven ประเทศไทย คัดสรรสินค้ายอดนิยมส่งตรงถึงมือคุณ,Tivoli 双重巨无霸巧克力涂层威化 35克 (12件装)，泰国7-Eleven正品，精选泰国人气商品，泰国直邮。,"Tivoli Twin Jumbo Chocolate Coated Wafer 35g (Pack of 12) — 100% authentic from 7-Eleven Thailand, shipped directly from Thailand.",4000,CNY,50,480,Snack,Tivoli|泰国零食|进口零食|泰国特产|休闲食品|7-Eleven热销,https://ljvjlhinehgehdpjhbfe.supabase.co/storage/v1/object/public/siambox-products/products/tvl-wfr-twj-35g-12pk.webp,true
TKN-SWD-CLS-26G-6PK,taokaenoi-crispy-seaweed-classic-26g-6pcs,เถ้าแก่น้อย สาหร่ายทอด รสคลาสสิค 26 กรัม (แพ็ก 6 ชิ้น),老板仔香脆炸海苔 经典原味 26克 (6包装),Taokaenoi Crispy Seaweed Classic 26g (Pack of 6),เถ้าแก่น้อย สาหร่ายทอด รสคลาสสิค 26 กรัม (แพ็ก 6 ชิ้น) สินค้าของแท้ 100% จาก 7-Eleven ประเทศไทย คัดสรรสินค้ายอดนิยมส่งตรงถึงมือคุณ,老板仔香脆炸海苔 经典原味 26克 (6包装)，泰国7-Eleven正品，精选泰国人气商品，泰国直邮。,"Taokaenoi Crispy Seaweed Classic 26g (Pack of 6) — 100% authentic from 7-Eleven Thailand, shipped directly from Thailand.",8800,CNY,50,250,Snack,老板仔香脆炸海苔|泰国零食|进口零食|泰国特产|休闲食品|7-Eleven热销,https://ljvjlhinehgehdpjhbfe.supabase.co/storage/v1/object/public/siambox-products/products/tkn-swd-cls-26g-6pk.webp,true
KHK-PNT-CCN-180G-6PK,koh-kae-coconut-cream-peanuts-180g-6pcs,โก๋แก่ ถั่วลิสงอบกรอบ รสกะทิ 180 กรัม (6 ชิ้น),大哥牌椰浆味花生豆 180克 (6罐装),Koh Kae Coconut Cream Peanuts 180g (Pack of 6),โก๋แก่ ถั่วลิสงอบกรอบ รสกะทิ 180 กรัม (6 ชิ้น) สินค้าของแท้ 100% จาก 7-Eleven ประเทศไทย คัดสรรสินค้ายอดนิยมส่งตรงถึงมือคุณ,大哥牌椰浆味花生豆 180克 (6罐装)，泰国7-Eleven正品，精选泰国人气商品，泰国直邮。,"Koh Kae Coconut Cream Peanuts 180g (Pack of 6) — 100% authentic from 7-Eleven Thailand, shipped directly from Thailand.",11800,CNY,50,1200,Snack,大哥牌椰浆味花生豆|泰国零食|进口零食|泰国特产|休闲食品|7-Eleven热销,https://ljvjlhinehgehdpjhbfe.supabase.co/storage/v1/object/public/siambox-products/products/khk-pnt-ccn-180g-6pk.webp,true
JN-RCC-ORG-30G-6PK,jn-rice-cracker-original-30g-6pcs,J&N ข้าวแต๋นรสดั้งเดิม 30 กรัม (แพ็ก 6 ชิ้น),J&N 泰式米香锅巴 原味 30克 (6包装),J&N Rice Cracker Original 30g (Pack of 6),J&N ข้าวแต๋นรสดั้งเดิม 30 กรัม (แพ็ก 6 ชิ้น) สินค้าของแท้ 100% จาก 7-Eleven ประเทศไทย คัดสรรสินค้ายอดนิยมส่งตรงถึงมือคุณ,J&N 泰式米香锅巴 原味 30克 (6包装)，泰国7-Eleven正品，精选泰国人气商品，泰国直邮。,"J&N Rice Cracker Original 30g (Pack of 6) — 100% authentic from 7-Eleven Thailand, shipped directly from Thailand.",8000,CNY,50,220,Snack,J&N|泰国零食|进口零食|泰国特产|休闲食品|7-Eleven热销,https://ljvjlhinehgehdpjhbfe.supabase.co/storage/v1/object/public/siambox-products/products/jn-rcc-org-30g-6pk.webp,true
MAMA-OK-SEG-85G-4PK,mama-ok-salted-egg-stir-fried-noodle-85g-4pcs,มาม่าออเรียนทัลคิตเชน รสผัดไข่เค็ม 85g (4 ซอง),妈妈牌 Oriental Kitchen 咸蛋黄炒面 85克 (4包装),Mama OK Salted Egg Noodle 85g (Pack of 4),มาม่าออเรียนทัลคิตเชน รสผัดไข่เค็ม 85g (4 ซอง) สินค้าของแท้ 100% จาก 7-Eleven ประเทศไทย คัดสรรสินค้ายอดนิยมส่งตรงถึงมือคุณ,妈妈牌 Oriental Kitchen 咸蛋黄炒面 85克 (4包装)，泰国7-Eleven正品，精选泰国人气商品，泰国直邮。,"Mama OK Salted Egg Noodle 85g (Pack of 4) — 100% authentic from 7-Eleven Thailand, shipped directly from Thailand.",4100,CNY,50,380,Instant Food,妈妈牌|泰国方便面|速食|泰国特产|进口方便面|7-Eleven热销,https://ljvjlhinehgehdpjhbfe.supabase.co/storage/v1/object/public/siambox-products/products/mama-ok-seg-85g-4pk.webp,true
MAMA-OK-HKR-85G-4PK,mama-ok-hot-korean-noodle-85g-4pcs,มาม่าออเรียนทัลคิตเชน รสฮอตโคเรียน 85g (4 ซอง),妈妈牌 Oriental Kitchen 韩式辣味炒面 85克 (4包装),Mama OK Hot Korean Noodle 85g (Pack of 4),มาม่าออเรียนทัลคิตเชน รสฮอตโคเรียน 85g (4 ซอง) สินค้าของแท้ 100% จาก 7-Eleven ประเทศไทย คัดสรรสินค้ายอดนิยมส่งตรงถึงมือคุณ,妈妈牌 Oriental Kitchen 韩式辣味炒面 85克 (4包装)，泰国7-Eleven正品，精选泰国人气商品，泰国直邮。,"Mama OK Hot Korean Noodle 85g (Pack of 4) — 100% authentic from 7-Eleven Thailand, shipped directly from Thailand.",4100,CNY,50,380,Instant Food,妈妈牌|泰国方便面|速食|泰国特产|进口方便面|7-Eleven热销,https://ljvjlhinehgehdpjhbfe.supabase.co/storage/v1/object/public/siambox-products/products/mama-ok-hkr-85g-4pk.webp,true
MAMA-TYK-CRM-55G-10PK,mama-tom-yum-goong-creamy-55g-10pcs,มาม่า รสต้มยำกุ้งน้ำข้น 55g (10 ซอง),妈妈牌浓汤冬阴功虾味面 55克 (10包装),Mama Creamy Tom Yum Goong 55g (Pack of 10),มาม่า รสต้มยำกุ้งน้ำข้น 55g (10 ซอง) สินค้าของแท้ 100% จาก 7-Eleven ประเทศไทย คัดสรรสินค้ายอดนิยมส่งตรงถึงมือคุณ,妈妈牌浓汤冬阴功虾味面 55克 (10包装)，泰国7-Eleven正品，精选泰国人气商品，泰国直邮。,"Mama Creamy Tom Yum Goong 55g (Pack of 10) — 100% authentic from 7-Eleven Thailand, shipped directly from Thailand.",4700,CNY,50,600,Instant Food,妈妈牌浓汤冬阴功虾味面|泰国方便面|速食|泰国特产|进口方便面|7-Eleven热销,https://ljvjlhinehgehdpjhbfe.supabase.co/storage/v1/object/public/siambox-products/products/mama-tyk-crm-55g-10pk.webp,true
NSN-KSC-60G-5PK,nissin-korean-spicy-chicken-60g-5pcs,นิสชินซอง รสไก่เผ็ดเกาหลี 60g (5 ซอง),日清韩式辣鸡味方便面 60克 (5包装),Nissin Korean Spicy Chicken 60g (Pack of 5),นิสชินซอง รสไก่เผ็ดเกาหลี 60g (5 ซอง) สินค้าของแท้ 100% จาก 7-Eleven ประเทศไทย คัดสรรสินค้ายอดนิยมส่งตรงถึงมือคุณ,日清韩式辣鸡味方便面 60克 (5包装)，泰国7-Eleven正品，精选泰国人气商品，泰国直邮。,"Nissin Korean Spicy Chicken 60g (Pack of 5) — 100% authentic from 7-Eleven Thailand, shipped directly from Thailand.",3400,CNY,50,330,Instant Food,日清韩式辣鸡味方便面|泰国方便面|速食|泰国特产|进口方便面|7-Eleven热销,https://ljvjlhinehgehdpjhbfe.supabase.co/storage/v1/object/public/siambox-products/products/nsn-ksc-60g-5pk.webp,true
MAMA-TYK-55G-10PK,mama-tom-yum-goong-55g-10pcs,มาม่า รสต้มยำกุ้ง 55g (10 ซอง),妈妈牌冬阴功虾味面 55克 (10包装),Mama Tom Yum Goong 55g (Pack of 10),มาม่า รสต้มยำกุ้ง 55g (10 ซอง) สินค้าของแท้ 100% จาก 7-Eleven ประเทศไทย คัดสรรสินค้ายอดนิยมส่งตรงถึงมือคุณ,妈妈牌冬阴功虾味面 55克 (10包装)，泰国7-Eleven正品，精选泰国人气商品，泰国直邮。,"Mama Tom Yum Goong 55g (Pack of 10) — 100% authentic from 7-Eleven Thailand, shipped directly from Thailand.",4700,CNY,50,600,Instant Food,妈妈牌冬阴功虾味面|泰国方便面|速食|泰国特产|进口方便面|7-Eleven热销,https://ljvjlhinehgehdpjhbfe.supabase.co/storage/v1/object/public/siambox-products/products/mama-tyk-55g-10pk.webp,true
YY-CN-CRN-120G-6PK,yumyum-chang-noi-corn-120g-6pcs,ยำยำช้างน้อย รสข้าวโพด 120g (6 ซอง),养养小象玉米味面 120克 (6包装),Yum Yum Chang Noi Corn 120g (Pack of 6),ยำยำช้างน้อย รสข้าวโพด 120g (6 ซอง) สินค้าของแท้ 100% จาก 7-Eleven ประเทศไทย คัดสรรสินค้ายอดนิยมส่งตรงถึงมือคุณ,养养小象玉米味面 120克 (6包装)，泰国7-Eleven正品，精选泰国人气商品，泰国直邮。,"Yum Yum Chang Noi Corn 120g (Pack of 6) — 100% authentic from 7-Eleven Thailand, shipped directly from Thailand.",4000,CNY,50,760,Instant Food,养养小象玉米味面|泰国方便面|速食|泰国特产|进口方便面|7-Eleven热销,https://ljvjlhinehgehdpjhbfe.supabase.co/storage/v1/object/public/siambox-products/products/yy-cn-crn-120g-6pk.webp,true
MAMA-OK-CBN-85G,mama-ok-carbonara-bacon-noodle-85g,มาม่าออเรียนทัลคิตเชน รสคาโบนาร่าเบคอน 85g,妈妈牌 Oriental Kitchen 培根卡邦尼炒面 85克,Mama OK Carbonara Bacon Noodle 85g,มาม่าออเรียนทัลคิตเชน รสคาโบนาร่าเบคอน 85g สินค้าของแท้ 100% จาก 7-Eleven ประเทศไทย คัดสรรสินค้ายอดนิยมส่งตรงถึงมือคุณ,妈妈牌 Oriental Kitchen 培根卡邦尼炒面 85克，泰国7-Eleven正品，精选泰国人气商品，泰国直邮。,"Mama OK Carbonara Bacon Noodle 85g — 100% authentic from 7-Eleven Thailand, shipped directly from Thailand.",4100,CNY,50,100,Instant Food,妈妈牌|泰国方便面|速食|泰国特产|进口方便面|7-Eleven热销,https://ljvjlhinehgehdpjhbfe.supabase.co/storage/v1/object/public/siambox-products/products/mama-ok-cbn-85g.webp,true
MAMA-CUP-TKC-60G-6PK,mama-cup-creamy-shrimp-tom-yum-60g-6pcs,มาม่าคัพ รสต้มกุ้งน้ำข้น 60g (6 ถ้วย),妈妈牌浓汤虾味杯面 60克 (6杯装),Mama Cup Creamy Shrimp Tom Yum 60g (Pack of 6),มาม่าคัพ รสต้มกุ้งน้ำข้น 60g (6 ถ้วย) สินค้าของแท้ 100% จาก 7-Eleven ประเทศไทย คัดสรรสินค้ายอดนิยมส่งตรงถึงมือคุณ,妈妈牌浓汤虾味杯面 60克 (6杯装)，泰国7-Eleven正品，精选泰国人气商品，泰国直邮。,"Mama Cup Creamy Shrimp Tom Yum 60g (Pack of 6) — 100% authentic from 7-Eleven Thailand, shipped directly from Thailand.",5200,CNY,50,500,Instant Food,妈妈牌浓汤虾味杯面|泰国方便面|速食|泰国特产|进口方便面|7-Eleven热销,https://ljvjlhinehgehdpjhbfe.supabase.co/storage/v1/object/public/siambox-products/products/mama-cup-tkc-60g-6pk.webp,true
WW-QZC-TKL-60G-6PK,waiwai-quick-zaab-tom-klong-cup-60g-6pcs,ไวไวควิกแสบคัพ รสต้มโคล้ง 60g (6 ถ้วย),WaiWai Quick 酸辣冬克隆汤杯面 60克 (6杯装),Wai Wai Quick Zaab Tom Klong Cup 60g (Pack of 6),ไวไวควิกแสบคัพ รสต้มโคล้ง 60g (6 ถ้วย) สินค้าของแท้ 100% จาก 7-Eleven ประเทศไทย คัดสรรสินค้ายอดนิยมส่งตรงถึงมือคุณ,WaiWai Quick 酸辣冬克隆汤杯面 60克 (6杯装)，泰国7-Eleven正品，精选泰国人气商品，泰国直邮。,"Wai Wai Quick Zaab Tom Klong Cup 60g (Pack of 6) — 100% authentic from 7-Eleven Thailand, shipped directly from Thailand.",4900,CNY,50,500,Instant Food,WaiWai|泰国方便面|速食|泰国特产|进口方便面|7-Eleven热销,https://ljvjlhinehgehdpjhbfe.supabase.co/storage/v1/object/public/siambox-products/products/ww-qzc-tkl-60g-6pk.webp,true
YY-FLT-SUK-55G-10PK,yumyum-flat-noodle-suki-55g-10pcs,ยำยำเส้นแบนซอง รสสุกี้ 55 กรัม แพ็ก 10 ซอง,养养寿喜烧味扁面 55克 (10包装),Yum Yum Flat Noodle Suki 55g (Pack of 10),ยำยำเส้นแบนซอง รสสุกี้ 55 กรัม แพ็ก 10 ซอง สินค้าของแท้ 100% จาก 7-Eleven ประเทศไทย คัดสรรสินค้ายอดนิยมส่งตรงถึงมือคุณ,养养寿喜烧味扁面 55克 (10包装)，泰国7-Eleven正品，精选泰国人气商品，泰国直邮。,"Yum Yum Flat Noodle Suki 55g (Pack of 10) — 100% authentic from 7-Eleven Thailand, shipped directly from Thailand.",4400,CNY,50,600,Instant Food,养养寿喜烧味扁面|泰国方便面|速食|泰国特产|进口方便面|7-Eleven热销,https://ljvjlhinehgehdpjhbfe.supabase.co/storage/v1/object/public/siambox-products/products/yy-flt-suk-55g-10pk.webp,true
WW-BWL-ORI-70G-3PK,waiwai-bowl-original-70g-3pcs,ไวไวชาม รสปรุงสำเร็จ 70 กรัม (แพ็ก 3 ชาม),WaiWai 经典碗面 70克 (3碗装),Wai Wai Bowl Original 70g (Pack of 3),ไวไวชาม รสปรุงสำเร็จ 70 กรัม (แพ็ก 3 ชาม) สินค้าของแท้ 100% จาก 7-Eleven ประเทศไทย คัดสรรสินค้ายอดนิยมส่งตรงถึงมือคุณ,WaiWai 经典碗面 70克 (3碗装)，泰国7-Eleven正品，精选泰国人气商品，泰国直邮。,"Wai Wai Bowl Original 70g (Pack of 3) — 100% authentic from 7-Eleven Thailand, shipped directly from Thailand.",4900,CNY,50,300,Instant Food,WaiWai|泰国方便面|速食|泰国特产|进口方便面|7-Eleven热销,https://ljvjlhinehgehdpjhbfe.supabase.co/storage/v1/object/public/siambox-products/products/ww-bwl-ori-70g-3pk.webp,true
WW-VEG-MSH-60G-30PK,waiwai-vegetarian-shiitake-60g-30pcs,ไวไวซอง รสเห็ดหอมเจ 60 กรัม (ยกลัง 30 ซอง),WaiWai 香菇素食面 60克 (整箱30包),Wai Wai Vegetarian Shiitake 60g (Case of 30),ไวไวซอง รสเห็ดหอมเจ 60 กรัม (ยกลัง 30 ซอง) สินค้าของแท้ 100% จาก 7-Eleven ประเทศไทย คัดสรรสินค้ายอดนิยมส่งตรงถึงมือคุณ,WaiWai 香菇素食面 60克 (整箱30包)，泰国7-Eleven正品，精选泰国人气商品，泰国直邮。,"Wai Wai Vegetarian Shiitake 60g (Case of 30) — 100% authentic from 7-Eleven Thailand, shipped directly from Thailand.",14000,CNY,50,1900,Instant Food,WaiWai|泰国方便面|速食|泰国特产|进口方便面|7-Eleven热销,https://ljvjlhinehgehdpjhbfe.supabase.co/storage/v1/object/public/siambox-products/products/ww-veg-msh-60g-30pk.webp,true
BIO-UV-AQR-50G,biore-uv-aqua-rich-watery-essence-spf50,บิโอเร ยูวี อะควาริช วอเตอร์รี่ เอสเซนส์ ซันสกรีน SPF50+,碧柔水感防晒精华 SPF50+,Biore UV Aqua Rich Watery Essence SPF50+,บิโอเร ยูวี อะควาริช วอเตอร์รี่ เอสเซนส์ ซันสกรีน SPF50+ สินค้าของแท้ 100% จาก 7-Eleven ประเทศไทย คัดสรรสินค้ายอดนิยมส่งตรงถึงมือคุณ,碧柔水感防晒精华 SPF50+，泰国7-Eleven正品，精选泰国人气商品，泰国直邮。,"Biore UV Aqua Rich Watery Essence SPF50+ — 100% authentic from 7-Eleven Thailand, shipped directly from Thailand.",9000,CNY,50,90,Personal Care,碧柔水感防晒精华|个人护理|泰国日用品|泰国正品|7-Eleven热销,https://ljvjlhinehgehdpjhbfe.supabase.co/storage/v1/object/public/siambox-products/products/bio-uv-aqr-50g.webp,true
CLN-UV-SS-28ML,clear-nose-uv-sun-serum-spf50-28ml,Clear Nose เซรั่มกันแดด UV Sun Serum SPF50+ PA++++ 28 มล.,Clear Nose 防晒精华 SPF50+ PA++++ 28毫升,Clear Nose UV Sun Serum SPF50+ PA++++ 28ml,Clear Nose เซรั่มกันแดด UV Sun Serum SPF50+ PA++++ 28 มล. สินค้าของแท้ 100% จาก 7-Eleven ประเทศไทย คัดสรรสินค้ายอดนิยมส่งตรงถึงมือคุณ,Clear Nose 防晒精华 SPF50+ PA++++ 28毫升，泰国7-Eleven正品，精选泰国人气商品，泰国直邮。,"Clear Nose UV Sun Serum SPF50+ PA++++ 28ml — 100% authentic from 7-Eleven Thailand, shipped directly from Thailand.",8800,CNY,50,60,Personal Care,Clear|个人护理|泰国日用品|泰国正品|7-Eleven热销,https://ljvjlhinehgehdpjhbfe.supabase.co/storage/v1/object/public/siambox-products/products/cln-uv-ss-28ml.webp,true
ZIP-RSP-SET-3PK,zipso-rice-soup-set-3-flavors-300g,ซิปโซ่ ข้าวต้ม เซ็ต 3 รส (กข.43 / ข้าวแดง / ข้าวกล้องหอมมะลิ) 300 กรัม x3,Zipso 泰国米粥三口味组合装 300克x3,Zipso Rice Soup Set of 3 Flavors 300g x3,ซิปโซ่ ข้าวต้ม เซ็ต 3 รส (กข.43 / ข้าวแดง / ข้าวกล้องหอมมะลิ) 300 กรัม x3 สินค้าของแท้ 100% จากประเทศไทย คัดสรรสินค้ายอดนิยมส่งตรงถึงมือคุณ,Zipso 泰国米粥三口味组合装 300克x3，泰国正品，精选泰国人气商品，泰国直邮。,"Zipso Rice Soup Set of 3 Flavors 300g x3 — 100% authentic Thai product, shipped directly from Thailand.",4500,CNY,50,990,Instant Soup,Zipso|泰国米粥|速食粥|方便早餐|泰国特产,https://ljvjlhinehgehdpjhbfe.supabase.co/storage/v1/object/public/siambox-products/products/zip-rsp-set-3pk.webp,true
DKM-MNG-40G-6PK,doi-kham-dried-mango-40g-6pcs,ดอยคำ มะม่วงอบแห้ง 40 กรัม (แพ็ก 6 ชิ้น),Doi Kham 皇家芒果干 40克 (6包装),Doi Kham Dried Mango 40g (Pack of 6),ดอยคำ มะม่วงอบแห้ง 40 กรัม (แพ็ก 6 ชิ้น) สินค้าของแท้ 100% จาก 7-Eleven ประเทศไทย คัดสรรสินค้ายอดนิยมส่งตรงถึงมือคุณ,Doi Kham 皇家芒果干 40克 (6包装)，泰国7-Eleven正品，精选泰国人气商品，泰国直邮。,"Doi Kham Dried Mango 40g (Pack of 6) — 100% authentic from 7-Eleven Thailand, shipped directly from Thailand.",10900,CNY,50,280,Dried Fruits,Doi|泰国果干|水果干|泰国特产|进口零食|7-Eleven热销,https://ljvjlhinehgehdpjhbfe.supabase.co/storage/v1/object/public/siambox-products/products/dkm-mng-40g-6pk.webp,true
TAR-DRN-FD-25G-4PK,thai-aroi-freeze-dried-monthong-durian-25g-4pcs,ไทยอร่อย ทุเรียนหมอนทองอบกรอบ 25 กรัม (แพ็ก 4 ชิ้น),Thai Aroi 金枕头冻干榴莲 25克 (4包装),Thai Aroi Freeze-Dried Monthong Durian 25g (Pack of 4),ไทยอร่อย ทุเรียนหมอนทองอบกรอบ 25 กรัม (แพ็ก 4 ชิ้น) สินค้าของแท้ 100% จาก 7-Eleven ประเทศไทย คัดสรรสินค้ายอดนิยมส่งตรงถึงมือคุณ,Thai Aroi 金枕头冻干榴莲 25克 (4包装)，泰国7-Eleven正品，精选泰国人气商品，泰国直邮。,"Thai Aroi Freeze-Dried Monthong Durian 25g (Pack of 4) — 100% authentic from 7-Eleven Thailand, shipped directly from Thailand.",13900,CNY,50,150,Dried Fruits,Thai|泰国果干|水果干|泰国特产|进口零食|7-Eleven热销,https://ljvjlhinehgehdpjhbfe.supabase.co/storage/v1/object/public/siambox-products/products/tar-drn-fd-25g-4pk.webp,true
CTF-DRN-90G,chat-thai-foods-dried-durian-90g,ฉัตรไทยฟู้ดส์ ทุเรียนอบแห้งฝาใหญ่ 90 กรัม,Chat Thai Foods 榴莲干大罐装 90克,Chat Thai Foods Dried Durian 90g,ฉัตรไทยฟู้ดส์ ทุเรียนอบแห้งฝาใหญ่ 90 กรัม สินค้าของแท้ 100% จาก 7-Eleven ประเทศไทย คัดสรรสินค้ายอดนิยมส่งตรงถึงมือคุณ,Chat Thai Foods 榴莲干大罐装 90克，泰国7-Eleven正品，精选泰国人气商品，泰国直邮。,"Chat Thai Foods Dried Durian 90g — 100% authentic from 7-Eleven Thailand, shipped directly from Thailand.",11900,CNY,50,200,Dried Fruits,Chat|泰国果干|水果干|泰国特产|进口零食|7-Eleven热销,https://ljvjlhinehgehdpjhbfe.supabase.co/storage/v1/object/public/siambox-products/products/ctf-drn-90g.webp,true
RTS-BNN-SUN-90G-4PK,rai-tabtim-siam-sun-dried-banana-90g-4pcs,OTOP ไร่ทับทิมสยาม กล้วยตากพลังงานแสงอาทิตย์ 90 กรัม (แพ็ก 4 ชิ้น),OTOP 泰式日晒香蕉干 90克 (4包装),OTOP Rai Tabtim Siam Sun-Dried Banana 90g (Pack of 4),OTOP ไร่ทับทิมสยาม กล้วยตากพลังงานแสงอาทิตย์ 90 กรัม (แพ็ก 4 ชิ้น) สินค้าของแท้ 100% จาก 7-Eleven ประเทศไทย คัดสรรสินค้ายอดนิยมส่งตรงถึงมือคุณ,OTOP 泰式日晒香蕉干 90克 (4包装)，泰国7-Eleven正品，精选泰国人气商品，泰国直邮。,"OTOP Rai Tabtim Siam Sun-Dried Banana 90g (Pack of 4) — 100% authentic from 7-Eleven Thailand, shipped directly from Thailand.",5800,CNY,50,400,Dried Fruits,OTOP|泰国果干|水果干|泰国特产|进口零食|7-Eleven热销,https://ljvjlhinehgehdpjhbfe.supabase.co/storage/v1/object/public/siambox-products/products/rts-bnn-sun-90g-4pk.webp,true
