name,price,image_url,category
บิวตี้แลป พีช ดาร์ค สปอต คอเรคเตอร์ 1.2 กรัม,99,https://media.allonline.7eleven.co.th/pdmain/743806-00-allonline-bt.jpg,beauty
Joji Secret Young แชมพูเคราติน 400 ml,259,https://media.allonline.7eleven.co.th/pdmain/743936-00-allonline-bt.jpg,beauty
Charmiss ลิปทินท์ Paradise Island Mirror Tint 3 กรัม,199,https://media.allonline.7eleven.co.th/pdmain/743501-00-allonline-bt.jpg,beauty
ศิริราช เพียว ฟิสิคอล ซันสกรีน 30 กรัม,285,https://media.allonline.7eleven.co.th/pdmain/744869-00-allonline-hl.jpg,beauty
Gravich เซรั่ม Retinol Complex 8มล. (แพ็ก6),294,https://media.allonline.7eleven.co.th/pdmain/742133-00-pack-allonline-bt.jpg,beauty
Nami คูชชั่น Make Up Pro Magnet Cushion 10 กรัม,179,https://media.allonline.7eleven.co.th/pdmain/742119-00-allonline-bt.jpg,beauty
ศิริราช ทินท์ ฟิสิคอล ซันสกรีน 30 กรัม,305,https://media.allonline.7eleven.co.th/pdmain/744870-00-allonline-hl.jpg,beauty
Merrezca แป้งไพรเมอร์ Face Touch Setting Powder 4.4 กรัม,169,https://media.allonline.7eleven.co.th/pdmain/742123-00-allonline-bt.jpg,beauty
AR แป้งผสมรองพื้น Ever Glow Foundation Powder 25.4 กรัม,149,https://media.allonline.7eleven.co.th/pdmain/742120-00-allonline-bt.jpg,beauty
Smooto ลิปสติก Plumping Jelly Lip 2 กรัม (แพ็ก6ชิ้น),294,https://media.allonline.7eleven.co.th/pdmain/663151-00-allonline-bt.jpg,beauty
โรจูคิส แผ่นมาส์กหน้าเพอร์เฟคพอร์เลส (ทอง) (แพ็ก 6 ชิ้น),188,https://media.allonline.7eleven.co.th/pdmain/391822-00-allonline-sm-v1.jpg,beauty
ศรีจันทร์แบร์ทูเพอร์เฟคท์ ทรานส์ลูเซนท์คอมแพคพาวเดอร์ 4.5 กรัม,79,https://media.allonline.7eleven.co.th/pdmain/469588-00-powder-srichand.jpg,beauty
ไฟน์ไลน์ น้ำปรับผ้านุ่ม กลิ่น ไวโอเลต ดรีม สีม่วง 470 มล.(แพ็ก 3 ชิ้น),97,https://media.allonline.7eleven.co.th/pdmain/355082-00-allonline-sm-v3.jpg,fabric-softener
ไฟน์ไลน์ ดีลักซ์ เพอร์ฟูม ปรับผ้านุ่ม สวีท เซนท์ ชมพู 490 มล.,59,https://media.allonline.7eleven.co.th/pdmain/705204-00-allonline-onlyat-new2.jpg,fabric-softener
ไฟน์ไลน์พลัสซักผ้าชนิดน้ำสีทอง 550 มล.,69,https://media.allonline.7eleven.co.th/pdmain/366834-00-allonline-sm-v3.jpg,fabric-softener
บรีส เอกเซล น้ำยาซักผ้า เฮฟเวน บลอสซั่ม 550 มล.,79,https://media.allonline.7eleven.co.th/pdmain/699922-00-allonline-sm-v2.jpg,fabric-softener
ไฮยีน น้ำยาปรับผ้านุ่ม มิลค์กี้ทัช 480 มล.,84,https://media.allonline.7eleven.co.th/pdmain/289051-00-New-Packaging-hygiene-v6.jpg,fabric-softener
ดาวน์นี่ น้ำยาปรับผ้านุ่ม ซันไรซ์เฟรช 300 มล.,85,https://media.allonline.7eleven.co.th/pdmain/478773-00-fabric-softener-downy-v2.jpg,fabric-softener
ไฮยีน น้ำยาปรับผ้านุ่ม เลิฟทัช 480 มล.,84,https://media.allonline.7eleven.co.th/pdmain/687810-00-pack-allonline-sm.jpg,fabric-softener
แคลชีส เวเฟอร์สอดไส้ครีมรสชีส 27.5 กรัม (แพ็ก 12 ชิ้น),69,https://media.allonline.7eleven.co.th/pdmain/356345-all-member-star-24062026.jpg,snacks
คอริฟินซี ลูกอมรสคลาสสิค 25.2 กรัม (แพ็ก 12 ถุง),60,https://media.allonline.7eleven.co.th/pdmain/352048_Packs_Coryfin-v1.jpg,snacks
เคลล็อกส์ คอร์นเฟลกส์ 500 กรัม,145,https://media.allonline.7eleven.co.th/pdmain/365078_010_Supermarket.jpg,snacks
โกช็อกโก โรล เวเฟอร์สติ๊กสอดไส้ครีมช็อกโกแลต 12.5 กรัม (แพ็ก 20 ชิ้น),45,https://media.allonline.7eleven.co.th/pdmain/435654-00-allonline-sm-v1.jpg,snacks
ช็อกโกมูโช เวเฟอร์ มิลค์ช็อกโกแลต 25 กรัม (แพ็ก 10 ชิ้น),57,https://media.allonline.7eleven.co.th/pdmain/684680-00-allonline-sm.jpg,snacks
ทิวลี่ทวินจัมโบ้ เวเฟอร์สอดไส้ครีมเคลือบช็อกโกแลต 35 กรัม (แพ็ก 12 ชิ้น),57,https://media.allonline.7eleven.co.th/pdmain/363052-00-pack-allonline-sm.jpg,snacks
เถ้าแก่น้อย สาหร่ายทอด รสคลาสสิค 26 กรัม (แพ็ก 6 ชิ้น),209,https://media.allonline.7eleven.co.th/pdmain/351682-00-pack-allonline-new2.jpg,snacks
เถ้าแก่น้อย บิ๊กชีท สาหร่ายทอด รสคลาสสิค 28 กรัม (แพ็ก 6 ชิ้น),337,https://media.allonline.7eleven.co.th/pdmain/818360_00_Pack_Supermarket-ver1.jpg,snacks
โก๋แก่ ถั่วลิสงอบกรอบ รสกะทิ 180 กรัม (6 ชิ้น),222,https://media.allonline.7eleven.co.th/pdmain/125168-all-member-star-24062026.jpg,snacks
J&N ข้าวแต๋นรสดั้งเดิม 30 กรัม (แพ็ก 6 ชิ้น),114,https://media.allonline.7eleven.co.th/pdmain/700404-00-allonline-sm-edit-1.jpg,snacks
มาม่าออเรียนทัลคิตเชน รสผัดไข่เค็ม 85g (4 ซอง),58,https://media.allonline.7eleven.co.th/pdmain/362994_Pack_Instant_Noodles_Mama-v1.jpg,instant-food
มาม่าออเรียนทัลคิตเชน รสฮอตโคเรียน 85g (4 ซอง),58,https://media.allonline.7eleven.co.th/pdmain/362989_Pack_Instant_Noodles_Mama-v4.jpg,instant-food
มาม่า รสต้มยำกุ้งน้ำข้น 55g (10 ซอง),67,https://media.allonline.7eleven.co.th/pdmain/393152_010_Supermarket.jpg,instant-food
นิสชินซอง รสไก่เผ็ดเกาหลี 60g (5 ซอง),49,https://media.allonline.7eleven.co.th/pdmain/393155_010_Supermarket-v1.jpg,instant-food
มาม่า รสต้มยำกุ้ง 55g (10 ซอง),67,https://media.allonline.7eleven.co.th/pdmain/393139_010_Supermarket.jpg,instant-food
ยำยำช้างน้อย รสข้าวโพด 120g (6 ซอง),57,https://media.allonline.7eleven.co.th/pdmain/393907_Pack_Supermarket-v4.jpg,instant-food
มาม่าออเรียนทัลคิตเชน รสคาโบนาร่าเบคอน 85g,58,https://media.allonline.7eleven.co.th/pdmain/453078-00-Pack-Instant-Noodles-Mama-v2.jpg,instant-food
มาม่าคัพ รสต้มกุ้งน้ำข้น 60g (6 ถ้วย),75,https://media.allonline.7eleven.co.th/pdmain/386389_Pack_Supermarket.jpg,instant-food
ไวไวควิกแสบคัพ รสต้มโคล้ง 60g (6 ถ้วย),70,https://media.allonline.7eleven.co.th/pdmain/362426_Pack_Edit_Supermarket.jpg,instant-food
ยำยำเส้นแบนซอง รสสุกี้ 55 กรัม แพ็ก 10 ซอง,63,https://media.allonline.7eleven.co.th/pdmain/386376_Pack_Supermarket.jpg,instant-food
ไวไวชาม รสปรุงสำเร็จ 70 กรัม (แพ็ก 3 ชาม),70,https://media.allonline.7eleven.co.th/pdmain/440260_00_Instant_Noodles_Waiwai.jpg,instant-food
ไวไวซอง รสเห็ดหอมเจ 60 กรัม (ยกลัง 30 ซอง),200,https://media.allonline.7eleven.co.th/pdmain/685315-00-allonline-sm.jpg,instant-food
โซฟี ผ้าอนามัยแบบกางเกง รุ่น Safety Pants ไซซ์ XL-XXL (ห่อละ 2 ชิ้น),145,https://media.allonline.7eleven.co.th/pdmain/741126-00-pack-allonline-sm.jpg,personal-care
โซฟี แบบกระชับกลางคืน 33ซม. (ห่อละ 14 ชิ้น),88,https://media.allonline.7eleven.co.th/pdmain/352168-00-allonline-sm-v3.jpg,personal-care
การ์นิเย่ ไมเซล่า คลีนซิ่ง วอเตอร์ 125 มล.,109,https://media.allonline.7eleven.co.th/pdmain/357460-00-cleanser-garnier-v1.jpg,personal-care
บิโอเร ยูวี อะควาริช วอเตอร์รี่ เอสเซนส์ ซันสกรีน SPF50+,129,https://media.allonline.7eleven.co.th/pdmain/357501-00-allonline-bt.jpg,personal-care
Clear Nose เซรั่มกันแดด UV Sun Serum SPF50+ PA++++ 28 มล.,185,https://media.allonline.7eleven.co.th/pdmain/734925_0-best-sellers-29062026.jpg,personal-care
คอลเกต ยาสีฟัน อ๊อพติค ไวท์ เพอร์เพิล 100 กรัม,179,https://media.allonline.7eleven.co.th/pdmain/669017-00-allonline-sm-v1.jpg,personal-care
นีเวียเมน โฟมล้างหน้า ไบร์ท ออยล์ เคลียเฟซ 100 กรัม,139,https://media.allonline.7eleven.co.th/pdmain/357494-00-cleanser-nivea-v.jpg,personal-care
ลอรีเอะ ซูเปอร์อัลตร้าสลิม (ห่อละ 20 ชิ้น),75,https://media.allonline.7eleven.co.th/pdmain/354857-00-allonline-sm-v3.jpg,personal-care
ซิปโซ่ ข้าวต้มข้าวกข.43 300 กรัม,19,https://media.allonline.7eleven.co.th/_43_300_/plist/521550-00-allonline-onlyat-new2.jpg,instant-soup
ซิปโซ่ข้าวต้มข้าวแดง 300 กรัม,19,https://media.allonline.7eleven.co.th/pdmain/521552-00-allonline-onlyat-new2.jpg,instant-soup
ซิปโซ่ ข้าวต้มข้าวกล้องหอมมะลิ,22,https://media.allonline.7eleven.co.th/pdmain/479405-00-allonline-onlyat-new1.jpg,instant-soup
ดอยคำ มะม่วงอบแห้ง 40 กรัม (แพ็ก 6 ชิ้น),223,https://media.allonline.7eleven.co.th/pdmain/357201_01_Supermarket.jpg,dried-fruits
ไทยอร่อย ทุเรียนหมอนทองอบกรอบ 25 กรัม (แพ็ก 4 ชิ้น),369,https://media.allonline.7eleven.co.th/pdmain/722818-00-allonline-sm.jpg,dried-fruits
ฉัตรไทยฟู้ดส์ ทุเรียนอบแห้งฝาใหญ่ 90 กรัม,339,https://media.allonline.7eleven.co.th/pdmain/692525-00-allonline-sm.jpg,dried-fruits
OTOP ไร่ทับทิมสยาม กล้วยตากพลังงานแสงอาทิตย์ 90 กรัม (แพ็ก 4 ชิ้น),83,https://media.allonline.7eleven.co.th/pdmain/407679-00-allonline-sm.jpg,dried-fruits
เนสที ผงชาไทย 200 กรัม,320,https://media.allonline.7eleven.co.th/pdmain/692613-00-allonline-sm.jpg,beverage
