sku,slug,nameTh,nameZh,nameEn,descriptionTh,descriptionZh,descriptionEn,priceCents,currency,stock,weightGrams,category,tags,images,active,makroUrl
DNT-TPS-100G,dentiste-toothpaste-100g,เดนทิสเต้ ยาสีฟัน 100 กรัม,Dentiste 夜用牙膏 100克,Dentiste Toothpaste 100g,เดนทิสเต้ ยาสีฟัน 100 กรัม สินค้าของแท้ 100% จากประเทศไทย คัดสรรสินค้ายอดนิยมส่งตรงถึงมือคุณ,Dentiste 夜用牙膏 100克，泰国正品，精选泰国人气商品，泰国直邮。,"Dentiste Toothpaste 100g — 100% authentic Thai product, shipped directly from Thailand.",9900,CNY,50,140,Personal Care,Dentiste|个人护理|泰国日用品|泰国正品,https://ljvjlhinehgehdpjhbfe.supabase.co/storage/v1/object/public/siambox-products/products/dnt-tps-100g.webp,true,https://www.makro.pro/th/p/840372-7352557994179
TPT-TPS-ORG-70G-3PK,tepthai-herbal-toothpaste-original-70g-3pcs,เทพไทย ยาสีฟันสมุนไพร ดั้งเดิม 70 กรัม (แพ็ก 3),Tepthai 泰式草本牙膏 原味 70克 (3支装),Tepthai Herbal Toothpaste Original 70g (Pack of 3),เทพไทย ยาสีฟันสมุนไพร ดั้งเดิม 70 กรัม (แพ็ก 3) สินค้าของแท้ 100% จากประเทศไทย คัดสรรสินค้ายอดนิยมส่งตรงถึงมือคุณ,Tepthai 泰式草本牙膏 原味 70克 (3支装)，泰国正品，精选泰国人气商品，泰国直邮。,"Tepthai Herbal Toothpaste Original 70g (Pack of 3) — 100% authentic Thai product, shipped directly from Thailand.",18400,CNY,50,300,Personal Care,Tepthai|个人护理|泰国日用品|泰国正品,https://ljvjlhinehgehdpjhbfe.supabase.co/storage/v1/object/public/siambox-products/products/tpt-tps-org-70g-3pk.webp,true,https://www.makro.pro/th/p/837296-7325086384323
NSC-3IN1-RA-60S,nescafe-3in1-rich-aroma-60-sachets,เนสกาแฟ 3in1 เบลนด์แอนด์บรู ริช อโรมา 17 กรัม (60 ซอง),雀巢咖啡3合1香浓原味 17克 (60条装),Nescafe 3in1 Blend & Brew Rich Aroma 17g (60 Sachets),เนสกาแฟ 3in1 เบลนด์แอนด์บรู ริช อโรมา 17 กรัม (60 ซอง) สินค้าของแท้ 100% จากประเทศไทย คัดสรรสินค้ายอดนิยมส่งตรงถึงมือคุณ,雀巢咖啡3合1香浓原味 17克 (60条装)，泰国正品，精选泰国人气商品，泰国直邮。,"Nescafe 3in1 Blend & Brew Rich Aroma 17g (60 Sachets) — 100% authentic Thai product, shipped directly from Thailand.",12800,CNY,50,1150,Beverage,雀巢咖啡3合1香浓原味|泰国饮品|冲调饮品|泰国特产,https://ljvjlhinehgehdpjhbfe.supabase.co/storage/v1/object/public/siambox-products/products/nsc-3in1-ra-60s.webp,true,https://www.makro.pro/th/p/173919-6761202024643
MAMA-MPK-60G-30PK,mama-minced-pork-60g-case-30,มาม่า รสหมูสับ 60 กรัม (ยกลัง 30 ซอง),妈妈牌肉碎味方便面 60克 (整箱30包),Mama Minced Pork 60g (Case of 30),มาม่า รสหมูสับ 60 กรัม (ยกลัง 30 ซอง) สินค้าของแท้ 100% จากประเทศไทย คัดสรรสินค้ายอดนิยมส่งตรงถึงมือคุณ,妈妈牌肉碎味方便面 60克 (整箱30包)，泰国正品，精选泰国人气商品，泰国直邮。,"Mama Minced Pork 60g (Case of 30) — 100% authentic Thai product, shipped directly from Thailand.",10800,CNY,50,1900,Instant Food,妈妈牌肉碎味方便面|泰国方便面|速食|泰国特产|整箱批发,https://ljvjlhinehgehdpjhbfe.supabase.co/storage/v1/object/public/siambox-products/products/mama-mpk-60g-30pk.webp,true,https://www.makro.pro/th/p/198042-6761217556675
WW-ORI-57G-30PK,waiwai-original-57g-case-30,ไวไว บะหมี่กึ่งสำเร็จรูปปรุงสำเร็จ 57 กรัม (ยกลัง 30 ซอง),WaiWai 泰式经典调味面 57克 (整箱30包),Wai Wai Original 57g (Case of 30),ไวไว บะหมี่กึ่งสำเร็จรูปปรุงสำเร็จ 57 กรัม (ยกลัง 30 ซอง) สินค้าของแท้ 100% จากประเทศไทย คัดสรรสินค้ายอดนิยมส่งตรงถึงมือคุณ,WaiWai 泰式经典调味面 57克 (整箱30包)，泰国正品，精选泰国人气商品，泰国直邮。,"Wai Wai Original 57g (Case of 30) — 100% authentic Thai product, shipped directly from Thailand.",12000,CNY,50,1800,Instant Food,WaiWai|泰国方便面|速食|泰国特产|整箱批发,https://ljvjlhinehgehdpjhbfe.supabase.co/storage/v1/object/public/siambox-products/products/ww-ori-57g-30pk.webp,true,https://www.makro.pro/th/p/232804-6915097723075
BNB-WFR-CHC-20G-12PK,bengbeng-chocolate-wafer-20g-12pcs,เบงเบง เวเฟอร์สอดไส้เคลือบช็อกโกแลต 20 กรัม (แพ็ก 12 ชิ้น),Beng Beng 巧克力威化饼 20克 (12件装),Beng Beng Chocolate Wafer 20g (Pack of 12),เบงเบง เวเฟอร์สอดไส้เคลือบช็อกโกแลต 20 กรัม (แพ็ก 12 ชิ้น) สินค้าของแท้ 100% จากประเทศไทย คัดสรรสินค้ายอดนิยมส่งตรงถึงมือคุณ,Beng Beng 巧克力威化饼 20克 (12件装)，泰国正品，精选泰国人气商品，泰国直邮。,"Beng Beng Chocolate Wafer 20g (Pack of 12) — 100% authentic Thai product, shipped directly from Thailand.",3200,CNY,50,300,Snack,Beng|泰国零食|进口零食|泰国特产|休闲食品,https://ljvjlhinehgehdpjhbfe.supabase.co/storage/v1/object/public/siambox-products/products/bnb-wfr-chc-20g-12pk.webp,true,https://www.makro.pro/th/p/226132-6761187508419
DWN-SFT-PSN-23ML-24PK,downy-passion-softener-sachet-23ml-24pcs,ดาวน์นี่ ปรับผ้านุ่มเข้มข้น แพชชั่น ซอง 23 มล. (แพ็ก 24),Downy 热情花香柔顺剂便携装 23毫升 (24包),Downy Passion Softener Sachet 23ml (Pack of 24),ดาวน์นี่ ปรับผ้านุ่มเข้มข้น แพชชั่น ซอง 23 มล. (แพ็ก 24) สินค้าของแท้ 100% จากประเทศไทย คัดสรรสินค้ายอดนิยมส่งตรงถึงมือคุณ,Downy 热情花香柔顺剂便携装 23毫升 (24包)，泰国正品，精选泰国人气商品，泰国直邮。,"Downy Passion Softener Sachet 23ml (Pack of 24) — 100% authentic Thai product, shipped directly from Thailand.",4800,CNY,50,700,Household,Downy|泰国家居|衣物护理|泰国正品,https://ljvjlhinehgehdpjhbfe.supabase.co/storage/v1/object/public/siambox-products/products/dwn-sft-psn-23ml-24pk.webp,true,https://www.makro.pro/th/p/906277-7497571172547
GLC-PKY-MNG-25G-10PK,pocky-mango-25g-10pcs,ป๊อกกี้ บิสกิตแท่งเคลือบ รสมะม่วง 25 กรัม (แพ็ก 10 กล่อง),格力高百奇芒果味 25克 (10盒装),Pocky Mango 25g (Pack of 10),ป๊อกกี้ บิสกิตแท่งเคลือบ รสมะม่วง 25 กรัม (แพ็ก 10 กล่อง) สินค้าของแท้ 100% จากประเทศไทย คัดสรรสินค้ายอดนิยมส่งตรงถึงมือคุณ,格力高百奇芒果味 25克 (10盒装)，泰国正品，精选泰国人气商品，泰国直邮。,"Pocky Mango 25g (Pack of 10) — 100% authentic Thai product, shipped directly from Thailand.",8800,CNY,50,300,Snack,格力高百奇芒果味|泰国零食|进口零食|泰国特产|休闲食品,https://ljvjlhinehgehdpjhbfe.supabase.co/storage/v1/object/public/siambox-products/products/glc-pky-mng-25g-10pk.webp,true,https://www.makro.pro/th/p/813114-7499635065027
GLC-PRZ-LARB-22G-10PK,pretz-larb-22g-10pcs,เพรทซ์ รสลาบ 22 กรัม (แพ็ก 10 กล่อง),格力高百力滋泰式拉布味 22克 (10盒装),Pretz Larb 22g (Pack of 10),เพรทซ์ รสลาบ 22 กรัม (แพ็ก 10 กล่อง) สินค้าของแท้ 100% จากประเทศไทย คัดสรรสินค้ายอดนิยมส่งตรงถึงมือคุณ,格力高百力滋泰式拉布味 22克 (10盒装)，泰国正品，精选泰国人气商品，泰国直邮。,"Pretz Larb 22g (Pack of 10) — 100% authentic Thai product, shipped directly from Thailand.",6600,CNY,50,260,Snack,格力高百力滋泰式拉布味|泰国零食|进口零食|泰国特产|休闲食品,https://ljvjlhinehgehdpjhbfe.supabase.co/storage/v1/object/public/siambox-products/products/glc-prz-larb-22g-10pk.webp,true,https://www.makro.pro/th/p/847265-7352743002307
FUN-CKE-CHC-40G-24PK,fun-o-chocolate-sandwich-cookie-24pcs,ฟันโอ คุกกี้แซนด์วิชครีมช็อกโกแลต 40.5 กรัม (แพ็ก 24 ซอง),Fun-O 巧克力夹心饼干 40.5克 (24包装),Fun-O Chocolate Sandwich Cookie 40.5g (Pack of 24),ฟันโอ คุกกี้แซนด์วิชครีมช็อกโกแลต 40.5 กรัม (แพ็ก 24 ซอง) สินค้าของแท้ 100% จากประเทศไทย คัดสรรสินค้ายอดนิยมส่งตรงถึงมือคุณ,Fun-O 巧克力夹心饼干 40.5克 (24包装)，泰国正品，精选泰国人气商品，泰国直邮。,"Fun-O Chocolate Sandwich Cookie 40.5g (Pack of 24) — 100% authentic Thai product, shipped directly from Thailand.",3900,CNY,50,1050,Snack,Fun-O|泰国零食|进口零食|泰国特产|休闲食品,https://ljvjlhinehgehdpjhbfe.supabase.co/storage/v1/object/public/siambox-products/products/fun-cke-chc-40g-24pk.webp,true,https://www.makro.pro/th/p/835151-7115270553795
PPO-JLY-MIX-12P-6PK,pipo-fruit-jelly-12pcs-6packs,ปีโป้ เยลลี่รวมรสผลไม้ 12 ชิ้น (แพ็ก 6),Pipo 混合水果果冻 12杯x6排,Pipo Fruit Jelly 12pcs (Pack of 6),ปีโป้ เยลลี่รวมรสผลไม้ 12 ชิ้น (แพ็ก 6) สินค้าของแท้ 100% จากประเทศไทย คัดสรรสินค้ายอดนิยมส่งตรงถึงมือคุณ,Pipo 混合水果果冻 12杯x6排，泰国正品，精选泰国人气商品，泰国直邮。,"Pipo Fruit Jelly 12pcs (Pack of 6) — 100% authentic Thai product, shipped directly from Thailand.",4900,CNY,50,1300,Snack,Pipo|泰国零食|进口零食|泰国特产|休闲食品,https://ljvjlhinehgehdpjhbfe.supabase.co/storage/v1/object/public/siambox-products/products/ppo-jly-mix-12p-6pk.webp,true,https://www.makro.pro/th/p/302055-7275661164739
OVT-TAB-CHC-12G-24PK,ovaltine-chocolate-malt-tablet-12g-24pcs,โอวัลติน อัดเม็ด รสช็อกโกแลต 12 กรัม (แพ็ก 24 ซอง),阿华田巧克力麦芽压片糖 12克 (24包装),Ovaltine Chocolate Malt Tablet 12g (Pack of 24),โอวัลติน อัดเม็ด รสช็อกโกแลต 12 กรัม (แพ็ก 24 ซอง) สินค้าของแท้ 100% จากประเทศไทย คัดสรรสินค้ายอดนิยมส่งตรงถึงมือคุณ,阿华田巧克力麦芽压片糖 12克 (24包装)，泰国正品，精选泰国人气商品，泰国直邮。,"Ovaltine Chocolate Malt Tablet 12g (Pack of 24) — 100% authentic Thai product, shipped directly from Thailand.",6600,CNY,50,350,Snack,阿华田巧克力麦芽压片糖|泰国零食|进口零食|泰国特产|休闲食品,https://ljvjlhinehgehdpjhbfe.supabase.co/storage/v1/object/public/siambox-products/products/ovt-tab-chc-12g-24pk.webp,true,https://www.makro.pro/th/p/918680
YY-JMB-MPK-60G-30PK,yumyum-jumbo-minced-pork-60g-case-30,ยำยำ จัมโบ้ รสหมูสับ 60 กรัม (ยกลัง 30 ซอง),养养珍宝肉碎味面 60克 (整箱30包),Yum Yum Jumbo Minced Pork 60g (Case of 30),ยำยำ จัมโบ้ รสหมูสับ 60 กรัม (ยกลัง 30 ซอง) สินค้าของแท้ 100% จากประเทศไทย คัดสรรสินค้ายอดนิยมส่งตรงถึงมือคุณ,养养珍宝肉碎味面 60克 (整箱30包)，泰国正品，精选泰国人气商品，泰国直邮。,"Yum Yum Jumbo Minced Pork 60g (Case of 30) — 100% authentic Thai product, shipped directly from Thailand.",11500,CNY,50,1900,Instant Food,养养珍宝肉碎味面|泰国方便面|速食|泰国特产|整箱批发,https://ljvjlhinehgehdpjhbfe.supabase.co/storage/v1/object/public/siambox-products/products/yy-jmb-mpk-60g-30pk.webp,true,https://www.makro.pro/th/p/47177-7248041836739
MAMA-BMN-CLR-55G-30PK,mama-rice-vermicelli-clear-soup-case-30,มาม่า เส้นหมี่กึ่งสำเร็จรูปน้ำใส 55 กรัม (ยกลัง 30 ซอง),妈妈牌清汤米粉 55克 (整箱30包),Mama Rice Vermicelli Clear Soup 55g (Case of 30),มาม่า เส้นหมี่กึ่งสำเร็จรูปน้ำใส 55 กรัม (ยกลัง 30 ซอง) สินค้าของแท้ 100% จากประเทศไทย คัดสรรสินค้ายอดนิยมส่งตรงถึงมือคุณ,妈妈牌清汤米粉 55克 (整箱30包)，泰国正品，精选泰国人气商品，泰国直邮。,"Mama Rice Vermicelli Clear Soup 55g (Case of 30) — 100% authentic Thai product, shipped directly from Thailand.",12700,CNY,50,1750,Instant Food,妈妈牌清汤米粉|泰国方便面|速食|泰国特产|整箱批发,https://ljvjlhinehgehdpjhbfe.supabase.co/storage/v1/object/public/siambox-products/products/mama-bmn-clr-55g-30pk.webp,true,https://www.makro.pro/th/p/131235-7078803374275
KHK-PNT-WSB-75G-3PK,koh-kae-wasabi-peanuts-75g-3pcs,โก๋แก่ ถั่วเคลือบรสวาซาบิ 75 กรัม (แพ็ก 3),大哥牌芥末味花生 75克 (3包装),Koh Kae Wasabi Peanuts 75g (Pack of 3),โก๋แก่ ถั่วเคลือบรสวาซาบิ 75 กรัม (แพ็ก 3) สินค้าของแท้ 100% จากประเทศไทย คัดสรรสินค้ายอดนิยมส่งตรงถึงมือคุณ,大哥牌芥末味花生 75克 (3包装)，泰国正品，精选泰国人气商品，泰国直邮。,"Koh Kae Wasabi Peanuts 75g (Pack of 3) — 100% authentic Thai product, shipped directly from Thailand.",3400,CNY,50,250,Snack,大哥牌芥末味花生|泰国零食|进口零食|泰国特产|休闲食品,https://ljvjlhinehgehdpjhbfe.supabase.co/storage/v1/object/public/siambox-products/products/khk-pnt-wsb-75g-3pk.webp,true,https://www.makro.pro/th/p/176308-7115262755011
TKN-SWD-CLS-3G-12PK,taokaenoi-seaweed-classic-3-2g-12pcs,เถ้าแก่น้อย สาหร่ายทอดแผ่น รสคลาสสิค 3.2 กรัม (แพ็ก 12 ซอง),老板仔香脆炸海苔 经典味 3.2克 (12包装),Taokaenoi Crispy Seaweed Classic 3.2g (Pack of 12),เถ้าแก่น้อย สาหร่ายทอดแผ่น รสคลาสสิค 3.2 กรัม (แพ็ก 12 ซอง) สินค้าของแท้ 100% จากประเทศไทย คัดสรรสินค้ายอดนิยมส่งตรงถึงมือคุณ,老板仔香脆炸海苔 经典味 3.2克 (12包装)，泰国正品，精选泰国人气商品，泰国直邮。,"Taokaenoi Crispy Seaweed Classic 3.2g (Pack of 12) — 100% authentic Thai product, shipped directly from Thailand.",2600,CNY,50,90,Snack,老板仔香脆炸海苔|泰国零食|进口零食|泰国特产|休闲食品,https://ljvjlhinehgehdpjhbfe.supabase.co/storage/v1/object/public/siambox-products/products/tkn-swd-cls-3g-12pk.webp,true,https://www.makro.pro/th/p/815268-7275657232579
VTC-GMY-20G-24PK,vita-c-gummy-multifruit-20g-24pcs,ไวต้า-ซี วิตามินซี กัมมี่มัลติฟรุต 20 กรัม (แพ็ก 24 ซอง),Vita-C 维生素C混合水果软糖 20克 (24包装),Vita-C Gummy Multifruit 20g (Pack of 24),ไวต้า-ซี วิตามินซี กัมมี่มัลติฟรุต 20 กรัม (แพ็ก 24 ซอง) สินค้าของแท้ 100% จากประเทศไทย คัดสรรสินค้ายอดนิยมส่งตรงถึงมือคุณ,Vita-C 维生素C混合水果软糖 20克 (24包装)，泰国正品，精选泰国人气商品，泰国直邮。,"Vita-C Gummy Multifruit 20g (Pack of 24) — 100% authentic Thai product, shipped directly from Thailand.",9900,CNY,50,550,Snack,Vita-C|泰国零食|进口零食|泰国特产|休闲食品,https://ljvjlhinehgehdpjhbfe.supabase.co/storage/v1/object/public/siambox-products/products/vtc-gmy-20g-24pk.webp,true,https://www.makro.pro/th/p/919557-497289747644584
SWN-DRN-FD-15G-5PK,sriwanna-freeze-dried-durian-15g-5pcs,ศรีวรรณา ทุเรียนหมอนทองอบกรอบฟรีซดราย 15 กรัม (แพ็ก 5),Sriwanna 金枕头冻干榴莲 15克 (5包装),Sriwanna Freeze-Dried Durian 15g (Pack of 5),ศรีวรรณา ทุเรียนหมอนทองอบกรอบฟรีซดราย 15 กรัม (แพ็ก 5) สินค้าของแท้ 100% จากประเทศไทย คัดสรรสินค้ายอดนิยมส่งตรงถึงมือคุณ,Sriwanna 金枕头冻干榴莲 15克 (5包装)，泰国正品，精选泰国人气商品，泰国直邮。,"Sriwanna Freeze-Dried Durian 15g (Pack of 5) — 100% authentic Thai product, shipped directly from Thailand.",10900,CNY,50,130,Dried Fruits,Sriwanna|泰国果干|水果干|泰国特产|进口零食,https://ljvjlhinehgehdpjhbfe.supabase.co/storage/v1/object/public/siambox-products/products/swn-drn-fd-15g-5pk.webp,true,https://www.makro.pro/th/p/8859102007606-7354471252163
STR-DRN-FD-50G,starry-freeze-dried-durian-50g,สตาร์รี ทุเรียนอบกรอบฟรีซดราย 50 กรัม,Starry 冻干榴莲 50克,Starry Freeze-Dried Durian 50g,สตาร์รี ทุเรียนอบกรอบฟรีซดราย 50 กรัม สินค้าของแท้ 100% จากประเทศไทย คัดสรรสินค้ายอดนิยมส่งตรงถึงมือคุณ,Starry 冻干榴莲 50克，泰国正品，精选泰国人气商品，泰国直邮。,"Starry Freeze-Dried Durian 50g — 100% authentic Thai product, shipped directly from Thailand.",6900,CNY,50,120,Dried Fruits,Starry|泰国果干|水果干|泰国特产|进口零食,https://ljvjlhinehgehdpjhbfe.supabase.co/storage/v1/object/public/siambox-products/products/str-drn-fd-50g.webp,true,https://www.makro.pro/th/p/8859508300080-7473503666371
STR-MSR-FD-40G,starry-freeze-dried-mango-sticky-rice-40g,สตาร์รี ข้าวเหนียวมะม่วงอบกรอบฟรีซดราย 40 กรัม,Starry 冻干芒果糯米饭 40克,Starry Freeze-Dried Mango Sticky Rice 40g,สตาร์รี ข้าวเหนียวมะม่วงอบกรอบฟรีซดราย 40 กรัม สินค้าของแท้ 100% จากประเทศไทย คัดสรรสินค้ายอดนิยมส่งตรงถึงมือคุณ,Starry 冻干芒果糯米饭 40克，泰国正品，精选泰国人气商品，泰国直邮。,"Starry Freeze-Dried Mango Sticky Rice 40g — 100% authentic Thai product, shipped directly from Thailand.",8300,CNY,50,100,Dried Fruits,Starry|泰国果干|水果干|泰国特产|进口零食,https://ljvjlhinehgehdpjhbfe.supabase.co/storage/v1/object/public/siambox-products/products/str-msr-fd-40g.webp,true,https://www.makro.pro/th/p/8859508300134-7473507270851
NDL-MNG-1KG,natures-delight-dried-mango-1kg,เนเจอร์ส ดีไลท์ มะม่วงอบแห้ง 1 กก.,Nature's Delight 芒果干 1公斤,Nature's Delight Dried Mango 1kg,เนเจอร์ส ดีไลท์ มะม่วงอบแห้ง 1 กก. สินค้าของแท้ 100% จากประเทศไทย คัดสรรสินค้ายอดนิยมส่งตรงถึงมือคุณ,Nature's Delight 芒果干 1公斤，泰国正品，精选泰国人气商品，泰国直邮。,"Nature's Delight Dried Mango 1kg — 100% authentic Thai product, shipped directly from Thailand.",11900,CNY,50,1100,Dried Fruits,Nature's|泰国果干|水果干|泰国特产|进口零食,https://ljvjlhinehgehdpjhbfe.supabase.co/storage/v1/object/public/siambox-products/products/ndl-mng-1kg.webp,true,https://www.makro.pro/th/p/HM051000-7369527853251
SWN-CCN-40G-10PK,sriwanna-crispy-coconut-40g-10pcs,ศรีวรรณา โกลด์ มะพร้าวอบกรอบ 40 กรัม (แพ็ก 10),Sriwanna 香脆椰子片 40克 (10包装),Sriwanna Gold Crispy Coconut 40g (Pack of 10),ศรีวรรณา โกลด์ มะพร้าวอบกรอบ 40 กรัม (แพ็ก 10) สินค้าของแท้ 100% จากประเทศไทย คัดสรรสินค้ายอดนิยมส่งตรงถึงมือคุณ,Sriwanna 香脆椰子片 40克 (10包装)，泰国正品，精选泰国人气商品，泰国直邮。,"Sriwanna Gold Crispy Coconut 40g (Pack of 10) — 100% authentic Thai product, shipped directly from Thailand.",13900,CNY,50,460,Dried Fruits,Sriwanna|泰国果干|水果干|泰国特产|进口零食,https://ljvjlhinehgehdpjhbfe.supabase.co/storage/v1/object/public/siambox-products/products/swn-ccn-40g-10pk.webp,true,https://www.makro.pro/th/p/8859102007699-7367151419587
BFR-JCK-65G,befruit-crispy-jackfruit-65g,OTOP บีฟรุ๊ต ขนุนกรอบ 65 กรัม,OTOP 菠萝蜜脆片 65克,OTOP Befruit Crispy Jackfruit 65g,OTOP บีฟรุ๊ต ขนุนกรอบ 65 กรัม สินค้าของแท้ 100% จากประเทศไทย คัดสรรสินค้ายอดนิยมส่งตรงถึงมือคุณ,OTOP 菠萝蜜脆片 65克，泰国正品，精选泰国人气商品，泰国直邮。,"OTOP Befruit Crispy Jackfruit 65g — 100% authentic Thai product, shipped directly from Thailand.",4200,CNY,50,90,Dried Fruits,OTOP|泰国果干|水果干|泰国特产|进口零食,https://ljvjlhinehgehdpjhbfe.supabase.co/storage/v1/object/public/siambox-products/products/bfr-jck-65g.webp,true,https://www.makro.pro/th/p/908348-124747734083406
MSP-TMR-600G,maesupap-tamarind-candy-600g,แม่สุภาพ มะขามแก้ว 600 กรัม,泰式罗望子糖 600克,Mae Supap Tamarind Candy 600g,แม่สุภาพ มะขามแก้ว 600 กรัม สินค้าของแท้ 100% จากประเทศไทย คัดสรรสินค้ายอดนิยมส่งตรงถึงมือคุณ,泰式罗望子糖 600克，泰国正品，精选泰国人气商品，泰国直邮。,"Mae Supap Tamarind Candy 600g — 100% authentic Thai product, shipped directly from Thailand.",6200,CNY,50,650,Dried Fruits,泰式罗望子糖|泰国果干|水果干|泰国特产|进口零食,https://ljvjlhinehgehdpjhbfe.supabase.co/storage/v1/object/public/siambox-products/products/msp-tmr-600g.webp,true,https://www.makro.pro/th/p/326196-77443692098719
CTM-THT-RED-400G,cha-tra-mue-thai-tea-red-label-400g,ชาตรามือ ชาผงปรุงสำเร็จ ฉลากแดง 400 กรัม,手标泰式茶粉 红标 400克,Cha Tra Mue Thai Tea Red Label 400g,ชาตรามือ ชาผงปรุงสำเร็จ ฉลากแดง 400 กรัม สินค้าของแท้ 100% จากประเทศไทย คัดสรรสินค้ายอดนิยมส่งตรงถึงมือคุณ,手标泰式茶粉 红标 400克，泰国正品，精选泰国人气商品，泰国直邮。,"Cha Tra Mue Thai Tea Red Label 400g — 100% authentic Thai product, shipped directly from Thailand.",4900,CNY,50,450,Beverage,手标泰式茶粉|泰国饮品|冲调饮品|泰国特产,https://ljvjlhinehgehdpjhbfe.supabase.co/storage/v1/object/public/siambox-products/products/ctm-tht-red-400g.webp,true,https://www.makro.pro/th/p/155655-6761203073219
CTM-GRN-MLK-200G,cha-tra-mue-green-milk-tea-200g,ชาตรามือ ชาเขียวนม 200 กรัม,手标泰式绿奶茶粉 200克,Cha Tra Mue Green Milk Tea 200g,ชาตรามือ ชาเขียวนม 200 กรัม สินค้าของแท้ 100% จากประเทศไทย คัดสรรสินค้ายอดนิยมส่งตรงถึงมือคุณ,手标泰式绿奶茶粉 200克，泰国正品，精选泰国人气商品，泰国直邮。,"Cha Tra Mue Green Milk Tea 200g — 100% authentic Thai product, shipped directly from Thailand.",4500,CNY,50,250,Beverage,手标泰式绿奶茶粉|泰国饮品|冲调饮品|泰国特产,https://ljvjlhinehgehdpjhbfe.supabase.co/storage/v1/object/public/siambox-products/products/ctm-grn-mlk-200g.webp,true,https://www.makro.pro/th/p/155848-6761203007683
MKR-HRB-SET-200G-6PK,thai-herbal-tea-set-200g-6pcs,ชุดต้มน้ำ มะตูม กระเจี๊ยบ พุทราจีน 200 กรัม (แพ็ก 6 ถุง),泰式草本茶组合(木橘/洛神花/红枣) 200克 (6袋装),Thai Herbal Tea Set Bael-Roselle-Jujube 200g (Pack of 6),ชุดต้มน้ำ มะตูม กระเจี๊ยบ พุทราจีน 200 กรัม (แพ็ก 6 ถุง) สินค้าของแท้ 100% จากประเทศไทย คัดสรรสินค้ายอดนิยมส่งตรงถึงมือคุณ,泰式草本茶组合(木橘/洛神花/红枣) 200克 (6袋装)，泰国正品，精选泰国人气商品，泰国直邮。,"Thai Herbal Tea Set Bael-Roselle-Jujube 200g (Pack of 6) — 100% authentic Thai product, shipped directly from Thailand.",10800,CNY,50,1300,Beverage,泰式草本茶组合(木橘/洛神花/红枣)|泰国饮品|冲调饮品|泰国特产,https://ljvjlhinehgehdpjhbfe.supabase.co/storage/v1/object/public/siambox-products/products/mkr-hrb-set-200g-6pk.webp,true,https://www.makro.pro/th/p/811409-7275739676867
MLO-3IN1-23G-30PK,milo-activ-go-3in1-23g-30-sachets,ไมโล แอคทีฟโก ช็อกโกแลตมอลต์ 3in1 23 กรัม (30 ซอง),美禄3合1巧克力麦芽 23克 (30条装),Milo Activ-Go 3in1 23g (30 Sachets),ไมโล แอคทีฟโก ช็อกโกแลตมอลต์ 3in1 23 กรัม (30 ซอง) สินค้าของแท้ 100% จากประเทศไทย คัดสรรสินค้ายอดนิยมส่งตรงถึงมือคุณ,美禄3合1巧克力麦芽 23克 (30条装)，泰国正品，精选泰国人气商品，泰国直邮。,"Milo Activ-Go 3in1 23g (30 Sachets) — 100% authentic Thai product, shipped directly from Thailand.",7900,CNY,50,750,Beverage,美禄3合1巧克力麦芽|泰国饮品|冲调饮品|泰国特产,https://ljvjlhinehgehdpjhbfe.supabase.co/storage/v1/object/public/siambox-products/products/mlo-3in1-23g-30pk.webp,true,https://www.makro.pro/th/p/179842-6761216901315
CHK-CCP-60G-12PK,chaokoh-coconut-milk-powder-60g-12pcs,ชาวเกาะ กะทิผงสำเร็จรูป 60 กรัม (แพ็ก 12 ซอง),俏果椰浆粉 60克 (12包装),Chaokoh Coconut Milk Powder 60g (Pack of 12),ชาวเกาะ กะทิผงสำเร็จรูป 60 กรัม (แพ็ก 12 ซอง) สินค้าของแท้ 100% จากประเทศไทย คัดสรรสินค้ายอดนิยมส่งตรงถึงมือคุณ,俏果椰浆粉 60克 (12包装)，泰国正品，精选泰国人气商品，泰国直邮。,"Chaokoh Coconut Milk Powder 60g (Pack of 12) — 100% authentic Thai product, shipped directly from Thailand.",7400,CNY,50,800,Thai Cooking,俏果椰浆粉|泰国调料|泰式料理|泰国厨房|泰国特产,https://ljvjlhinehgehdpjhbfe.supabase.co/storage/v1/object/public/siambox-products/products/chk-ccp-60g-12pk.webp,true,https://www.makro.pro/th/p/842564-7164687155395
CHK-CNM-250ML-6PK,chaokoh-coconut-milk-uht-250ml-6pcs,ชาวเกาะ กะทิ UHT 250 มล. (แพ็ก 6 กล่อง),俏果椰浆 250毫升 (6盒装),Chaokoh Coconut Milk UHT 250ml (Pack of 6),ชาวเกาะ กะทิ UHT 250 มล. (แพ็ก 6 กล่อง) สินค้าของแท้ 100% จากประเทศไทย คัดสรรสินค้ายอดนิยมส่งตรงถึงมือคุณ,俏果椰浆 250毫升 (6盒装)，泰国正品，精选泰国人气商品，泰国直邮。,"Chaokoh Coconut Milk UHT 250ml (Pack of 6) — 100% authentic Thai product, shipped directly from Thailand.",11400,CNY,50,1650,Thai Cooking,俏果椰浆|泰国调料|泰式料理|泰国厨房|泰国特产,https://ljvjlhinehgehdpjhbfe.supabase.co/storage/v1/object/public/siambox-products/products/chk-cnm-250ml-6pk.webp,true,https://www.makro.pro/th/p/164908-6761197502659
MPN-SCS-CKN-260G-6PK,maepranom-sweet-chili-sauce-260g-6pcs,แม่ประนอม น้ำจิ้มไก่ 260 กรัม (แพ็ก 6 ขวด),泰式甜辣鸡酱 260克 (6瓶装),Mae Pranom Sweet Chili Sauce 260g (Pack of 6),แม่ประนอม น้ำจิ้มไก่ 260 กรัม (แพ็ก 6 ขวด) สินค้าของแท้ 100% จากประเทศไทย คัดสรรสินค้ายอดนิยมส่งตรงถึงมือคุณ,泰式甜辣鸡酱 260克 (6瓶装)，泰国正品，精选泰国人气商品，泰国直邮。,"Mae Pranom Sweet Chili Sauce 260g (Pack of 6) — 100% authentic Thai product, shipped directly from Thailand.",10500,CNY,50,1900,Thai Cooking,泰式甜辣鸡酱|泰国调料|泰式料理|泰国厨房|泰国特产,https://ljvjlhinehgehdpjhbfe.supabase.co/storage/v1/object/public/siambox-products/products/mpn-scs-ckn-260g-6pk.webp,true,https://www.makro.pro/th/p/600457-7078714605763
DSB-SOY-300ML-6PK,dek-som-boon-thin-soy-sauce-300ml-6pcs,เด็กสมบูรณ์ ซีอิ๊วขาว สูตร 1 300 มล. (แพ็ก 6 ขวด),童子牌白酱油一号配方 300毫升 (6瓶装),Dek Som Boon Thin Soy Sauce Formula 1 300ml (Pack of 6),เด็กสมบูรณ์ ซีอิ๊วขาว สูตร 1 300 มล. (แพ็ก 6 ขวด) สินค้าของแท้ 100% จากประเทศไทย คัดสรรสินค้ายอดนิยมส่งตรงถึงมือคุณ,童子牌白酱油一号配方 300毫升 (6瓶装)，泰国正品，精选泰国人气商品，泰国直邮。,"Dek Som Boon Thin Soy Sauce Formula 1 300ml (Pack of 6) — 100% authentic Thai product, shipped directly from Thailand.",10900,CNY,50,2400,Thai Cooking,童子牌白酱油一号配方|泰国调料|泰式料理|泰国厨房|泰国特产,https://ljvjlhinehgehdpjhbfe.supabase.co/storage/v1/object/public/siambox-products/products/dsb-soy-300ml-6pk.webp,true,https://www.makro.pro/th/p/146454-6761215721667
MPR-CRP-VEG-80G,maeporn-vegetarian-red-curry-paste-80g,ตราแม่พร พริกแกงเผ็ดเจ 80 กรัม,泰式素红咖喱酱(无虾酱) 80克,Mae Porn Vegetarian Red Curry Paste 80g,ตราแม่พร พริกแกงเผ็ดเจ 80 กรัม สินค้าของแท้ 100% จากประเทศไทย คัดสรรสินค้ายอดนิยมส่งตรงถึงมือคุณ,泰式素红咖喱酱(无虾酱) 80克，泰国正品，精选泰国人气商品，泰国直邮。,"Mae Porn Vegetarian Red Curry Paste 80g — 100% authentic Thai product, shipped directly from Thailand.",2900,CNY,50,100,Thai Cooking Paste,泰式素红咖喱酱(无虾酱)|泰国咖喱酱|泰式料理|泰国调料,https://ljvjlhinehgehdpjhbfe.supabase.co/storage/v1/object/public/siambox-products/products/mpr-crp-veg-80g.webp,true,https://www.makro.pro/th/p/P-80-JJ-015-7276800409795
GGI-FLR-150G-12PK,gogi-tempura-flour-150g-12pcs,โกกิ แป้งทอดกรอบ 150 กรัม (แพ็ก 12 ซอง),Gogi 香脆炸粉 150克 (12包装),Gogi Tempura Flour 150g (Pack of 12),โกกิ แป้งทอดกรอบ 150 กรัม (แพ็ก 12 ซอง) สินค้าของแท้ 100% จากประเทศไทย คัดสรรสินค้ายอดนิยมส่งตรงถึงมือคุณ,Gogi 香脆炸粉 150克 (12包装)，泰国正品，精选泰国人气商品，泰国直邮。,"Gogi Tempura Flour 150g (Pack of 12) — 100% authentic Thai product, shipped directly from Thailand.",11600,CNY,50,1900,Thai Cooking,Gogi|泰国调料|泰式料理|泰国厨房|泰国特产,https://ljvjlhinehgehdpjhbfe.supabase.co/storage/v1/object/public/siambox-products/products/ggi-flr-150g-12pk.webp,true,https://www.makro.pro/th/p/101070-7078724305091
MNY-PSG-1KG,muangniyom-coconut-palm-sugar-1kg,เมืองนิยม น้ำตาลมะพร้าว 1 กก.,泰式椰糖 1公斤,Muang Niyom Coconut Palm Sugar 1kg,เมืองนิยม น้ำตาลมะพร้าว 1 กก. สินค้าของแท้ 100% จากประเทศไทย คัดสรรสินค้ายอดนิยมส่งตรงถึงมือคุณ,泰式椰糖 1公斤，泰国正品，精选泰国人气商品，泰国直邮。,"Muang Niyom Coconut Palm Sugar 1kg — 100% authentic Thai product, shipped directly from Thailand.",5500,CNY,50,1050,Thai Cooking,泰式椰糖|泰国调料|泰式料理|泰国厨房|泰国特产,https://ljvjlhinehgehdpjhbfe.supabase.co/storage/v1/object/public/siambox-products/products/mny-psg-1kg.webp,true,https://www.makro.pro/th/p/43992-7196406415555
MDH-SOP-160G-6PK,madame-heng-herbal-soap-160g-6pcs,มาดามเฮง สบู่สมุนไพร 160 กรัม (แพ็ก 6 ก้อน),兴太太草本手工皂 160克 (6块装),Madame Heng Herbal Soap 160g (Pack of 6),มาดามเฮง สบู่สมุนไพร 160 กรัม (แพ็ก 6 ก้อน) สินค้าของแท้ 100% จากประเทศไทย คัดสรรสินค้ายอดนิยมส่งตรงถึงมือคุณ,兴太太草本手工皂 160克 (6块装)，泰国正品，精选泰国人气商品，泰国直邮。,"Madame Heng Herbal Soap 160g (Pack of 6) — 100% authentic Thai product, shipped directly from Thailand.",13600,CNY,50,1000,Personal Care,兴太太草本手工皂|个人护理|泰国日用品|泰国正品,https://ljvjlhinehgehdpjhbfe.supabase.co/storage/v1/object/public/siambox-products/products/mdh-sop-160g-6pk.webp,true,https://www.makro.pro/th/p/821286-7352671371459
ING-SOP-TMR-85G-4PK,ing-on-tamarind-soap-85g-4pcs,อิงอร สบู่สมุนไพร สูตรมะขามแท้ 85 กรัม (แพ็ก 4 ก้อน),泰国罗望子草本皂 85克 (4块装),Ing-On Tamarind Herbal Soap 85g (Pack of 4),อิงอร สบู่สมุนไพร สูตรมะขามแท้ 85 กรัม (แพ็ก 4 ก้อน) สินค้าของแท้ 100% จากประเทศไทย คัดสรรสินค้ายอดนิยมส่งตรงถึงมือคุณ,泰国罗望子草本皂 85克 (4块装)，泰国正品，精选泰国人气商品，泰国直邮。,"Ing-On Tamarind Herbal Soap 85g (Pack of 4) — 100% authentic Thai product, shipped directly from Thailand.",4800,CNY,50,380,Personal Care,泰国罗望子草本皂|个人护理|泰国日用品|泰国正品,https://ljvjlhinehgehdpjhbfe.supabase.co/storage/v1/object/public/siambox-products/products/ing-sop-tmr-85g-4pk.webp,true,https://www.makro.pro/th/p/180096-7115247550659
SNK-CPW-50G-6PK,snake-brand-cooling-powder-classic-50g-6pcs,ตรางู แป้งเย็น กลิ่นคลาสสิค 50 กรัม (แพ็ก 6 กระป๋อง),蛇牌经典爽身粉 50克 (6罐装),Snake Brand Cooling Powder Classic 50g (Pack of 6),ตรางู แป้งเย็น กลิ่นคลาสสิค 50 กรัม (แพ็ก 6 กระป๋อง) สินค้าของแท้ 100% จากประเทศไทย คัดสรรสินค้ายอดนิยมส่งตรงถึงมือคุณ,蛇牌经典爽身粉 50克 (6罐装)，泰国正品，精选泰国人气商品，泰国直邮。,"Snake Brand Cooling Powder Classic 50g (Pack of 6) — 100% authentic Thai product, shipped directly from Thailand.",5900,CNY,50,380,Personal Care,蛇牌经典爽身粉|个人护理|泰国日用品|泰国正品,https://ljvjlhinehgehdpjhbfe.supabase.co/storage/v1/object/public/siambox-products/products/snk-cpw-50g-6pk.webp,true,https://www.makro.pro/th/p/830533-7352472436931
SNK-CPW-RLX-280G-2PK,snake-brand-relaxing-lavender-280g-2pcs,ตรางู แป้งเย็น รีแล็กซิ่ง เฟรนช์ลาเวนเดอร์ 280 กรัม (แพ็ก 2),蛇牌薰衣草舒缓爽身粉 280克 (2罐装),Snake Brand Relaxing Lavender 280g (Pack of 2),ตรางู แป้งเย็น รีแล็กซิ่ง เฟรนช์ลาเวนเดอร์ 280 กรัม (แพ็ก 2) สินค้าของแท้ 100% จากประเทศไทย คัดสรรสินค้ายอดนิยมส่งตรงถึงมือคุณ,蛇牌薰衣草舒缓爽身粉 280克 (2罐装)，泰国正品，精选泰国人气商品，泰国直邮。,"Snake Brand Relaxing Lavender 280g (Pack of 2) — 100% authentic Thai product, shipped directly from Thailand.",6200,CNY,50,650,Personal Care,蛇牌薰衣草舒缓爽身粉|个人护理|泰国日用品|泰国正品,https://ljvjlhinehgehdpjhbfe.supabase.co/storage/v1/object/public/siambox-products/products/snk-cpw-rlx-280g-2pk.webp,true,https://www.makro.pro/th/p/164113-7352428921027
SRC-PWD-MSK-20G-3PK,srichand-face-mask-powder-20g-3pcs,ศรีจันทร์ แป้งหอมสำหรับพอกหน้า สูตรต้นตำรับ 20 กรัม (แพ็ก 3 กล่อง),诗丽香传统面膜香粉 20克 (3盒装),Srichand Traditional Face Mask Powder 20g (Pack of 3),ศรีจันทร์ แป้งหอมสำหรับพอกหน้า สูตรต้นตำรับ 20 กรัม (แพ็ก 3 กล่อง) สินค้าของแท้ 100% จากประเทศไทย คัดสรรสินค้ายอดนิยมส่งตรงถึงมือคุณ,诗丽香传统面膜香粉 20克 (3盒装)，泰国正品，精选泰国人气商品，泰国直邮。,"Srichand Traditional Face Mask Powder 20g (Pack of 3) — 100% authentic Thai product, shipped directly from Thailand.",9200,CNY,50,100,Skincare,诗丽香传统面膜香粉|泰国护肤品|进口护肤|泰国正品,https://ljvjlhinehgehdpjhbfe.supabase.co/storage/v1/object/public/siambox-products/products/src-pwd-msk-20g-3pk.webp,true,https://www.makro.pro/th/p/219044-7497351102659
TWL-TPS-40G-12PK,twin-lotus-herbal-toothpaste-40g-12pcs,ดอกบัวคู่ ยาสีฟันสมุนไพร 40 กรัม (แพ็ก 12 หลอด),双莲草本牙膏 40克 (12支装),Twin Lotus Herbal Toothpaste 40g (Pack of 12),ดอกบัวคู่ ยาสีฟันสมุนไพร 40 กรัม (แพ็ก 12 หลอด) สินค้าของแท้ 100% จากประเทศไทย คัดสรรสินค้ายอดนิยมส่งตรงถึงมือคุณ,双莲草本牙膏 40克 (12支装)，泰国正品，精选泰国人气商品，泰国直邮。,"Twin Lotus Herbal Toothpaste 40g (Pack of 12) — 100% authentic Thai product, shipped directly from Thailand.",11800,CNY,50,600,Personal Care,双莲草本牙膏|个人护理|泰国日用品|泰国正品,https://ljvjlhinehgehdpjhbfe.supabase.co/storage/v1/object/public/siambox-products/products/twl-tps-40g-12pk.webp,true,https://www.makro.pro/th/p/197454-7325032579267
BIO-UV-SCH-7ML-6PK,biore-uv-aqua-rich-sachet-7ml-6pcs,บิโอเร ยูวี อะควาริช เจลกันแดด SPF50+ 7 มล. (แพ็ก 6 ซอง),碧柔水感防晒精华便携装 SPF50+ 7毫升 (6包装),Biore UV Aqua Rich Sachet SPF50+ 7ml (Pack of 6),บิโอเร ยูวี อะควาริช เจลกันแดด SPF50+ 7 มล. (แพ็ก 6 ซอง) สินค้าของแท้ 100% จากประเทศไทย คัดสรรสินค้ายอดนิยมส่งตรงถึงมือคุณ,碧柔水感防晒精华便携装 SPF50+ 7毫升 (6包装)，泰国正品，精选泰国人气商品，泰国直邮。,"Biore UV Aqua Rich Sachet SPF50+ 7ml (Pack of 6) — 100% authentic Thai product, shipped directly from Thailand.",5900,CNY,50,80,Personal Care,碧柔水感防晒精华便携装|个人护理|泰国日用品|泰国正品,https://ljvjlhinehgehdpjhbfe.supabase.co/storage/v1/object/public/siambox-products/products/bio-uv-sch-7ml-6pk.webp,true,https://www.makro.pro/th/p/907405-7497442787523
GRN-UV-SCH-7ML-6PK,garnier-uv-sunscreen-sachet-7ml-6pcs,การ์นิเย่ ซุปเปอร์ ยูวี ครีมกันแดด SPF50 7 มล. (แพ็ก 6 ซอง),卡尼尔超强防晒霜便携装 SPF50 7毫升 (6包装),Garnier Super UV Sunscreen SPF50 7ml (Pack of 6),การ์นิเย่ ซุปเปอร์ ยูวี ครีมกันแดด SPF50 7 มล. (แพ็ก 6 ซอง) สินค้าของแท้ 100% จากประเทศไทย คัดสรรสินค้ายอดนิยมส่งตรงถึงมือคุณ,卡尼尔超强防晒霜便携装 SPF50 7毫升 (6包装)，泰国正品，精选泰国人气商品，泰国直邮。,"Garnier Super UV Sunscreen SPF50 7ml (Pack of 6) — 100% authentic Thai product, shipped directly from Thailand.",5900,CNY,50,80,Personal Care,卡尼尔超强防晒霜便携装|个人护理|泰国日用品|泰国正品,https://ljvjlhinehgehdpjhbfe.supabase.co/storage/v1/object/public/siambox-products/products/grn-uv-sch-7ml-6pk.webp,true,https://www.makro.pro/th/p/863913-7350173368515
MST-BBP-S2,mistine-flower-bb-powder-s2,มิสทิน ฟลาวเวอร์ บีบี เพาเดอร์ เอส2 (1 ตลับ),Mistine 花漾BB粉饼 S2,Mistine Flower BB Powder S2,มิสทิน ฟลาวเวอร์ บีบี เพาเดอร์ เอส2 (1 ตลับ) สินค้าของแท้ 100% จากประเทศไทย คัดสรรสินค้ายอดนิยมส่งตรงถึงมือคุณ,Mistine 花漾BB粉饼 S2，泰国正品，精选泰国人气商品，泰国直邮。,"Mistine Flower BB Powder S2 — 100% authentic Thai product, shipped directly from Thailand.",10900,CNY,50,90,Makeup,Mistine|泰国美妆|进口彩妆|泰国正品,https://ljvjlhinehgehdpjhbfe.supabase.co/storage/v1/object/public/siambox-products/products/mst-bbp-s2.webp,true,https://www.makro.pro/th/p/19805-625544199631361
BBF-FCF-HKD-100G,beauty-buffet-hokkaido-milk-foam-100g,บิวตี้ บุฟเฟ่ต์ โฟมล้างหน้านมฮอกไกโด 100 กรัม,Beauty Buffet 北海道牛奶洗面奶 100克,Beauty Buffet Hokkaido Milk Whipping Foam 100g,บิวตี้ บุฟเฟ่ต์ โฟมล้างหน้านมฮอกไกโด 100 กรัม สินค้าของแท้ 100% จากประเทศไทย คัดสรรสินค้ายอดนิยมส่งตรงถึงมือคุณ,Beauty Buffet 北海道牛奶洗面奶 100克，泰国正品，精选泰国人气商品，泰国直邮。,"Beauty Buffet Hokkaido Milk Whipping Foam 100g — 100% authentic Thai product, shipped directly from Thailand.",4900,CNY,50,130,Personal Care,Beauty|个人护理|泰国日用品|泰国正品,https://ljvjlhinehgehdpjhbfe.supabase.co/storage/v1/object/public/siambox-products/products/bbf-fcf-hkd-100g.webp,true,https://www.makro.pro/en/p/8856153245513-550514345788612
RJK-SRM-WPL-6ML-6PK,rojukiss-white-poreless-serum-6ml-6pcs,โรจูคิส ไวท์พอร์เลสเซรั่ม 6 มล. (แพ็ก 6 ซอง),Rojukiss 白皙毛孔精华便携装 6毫升 (6包装),Rojukiss White Poreless Serum 6ml (Pack of 6),โรจูคิส ไวท์พอร์เลสเซรั่ม 6 มล. (แพ็ก 6 ซอง) สินค้าของแท้ 100% จากประเทศไทย คัดสรรสินค้ายอดนิยมส่งตรงถึงมือคุณ,Rojukiss 白皙毛孔精华便携装 6毫升 (6包装)，泰国正品，精选泰国人气商品，泰国直邮。,"Rojukiss White Poreless Serum 6ml (Pack of 6) — 100% authentic Thai product, shipped directly from Thailand.",5900,CNY,50,60,Skincare,Rojukiss|泰国护肤品|进口护肤|泰国正品,https://ljvjlhinehgehdpjhbfe.supabase.co/storage/v1/object/public/siambox-products/products/rjk-srm-wpl-6ml-6pk.webp,true,https://www.makro.pro/th/p/912062-811726275197745
DNE-DET-PPL-460ML-3PK,d-nee-baby-laundry-purple-460ml-3pcs,ดีนี่ น้ำยาซักผ้าเด็กผสมปรับผ้านุ่ม สีม่วง 460 มล. (แพ็ก 3 ขวด),D-nee 婴儿洗衣液含柔顺剂 紫色 460毫升 (3瓶装),D-nee Baby Laundry with Softener Purple 460ml (Pack of 3),ดีนี่ น้ำยาซักผ้าเด็กผสมปรับผ้านุ่ม สีม่วง 460 มล. (แพ็ก 3 ขวด) สินค้าของแท้ 100% จากประเทศไทย คัดสรรสินค้ายอดนิยมส่งตรงถึงมือคุณ,D-nee 婴儿洗衣液含柔顺剂 紫色 460毫升 (3瓶装)，泰国正品，精选泰国人气商品，泰国直邮。,"D-nee Baby Laundry with Softener Purple 460ml (Pack of 3) — 100% authentic Thai product, shipped directly from Thailand.",10300,CNY,50,1550,Household,D-nee|泰国家居|衣物护理|泰国正品,https://ljvjlhinehgehdpjhbfe.supabase.co/storage/v1/object/public/siambox-products/products/dne-det-ppl-460ml-3pk.webp,true,https://www.makro.pro/th/p/805515-7352791236803
KDM-BPW-50G-12PK,kodomo-baby-powder-50g-12pcs,โคโดโม แป้งเด็ก สีชมพู 50 กรัม (แพ็ก 12 กระป๋อง),Kodomo 婴儿爽身粉 50克 (12罐装),Kodomo Baby Powder Pink 50g (Pack of 12),โคโดโม แป้งเด็ก สีชมพู 50 กรัม (แพ็ก 12 กระป๋อง) สินค้าของแท้ 100% จากประเทศไทย คัดสรรสินค้ายอดนิยมส่งตรงถึงมือคุณ,Kodomo 婴儿爽身粉 50克 (12罐装)，泰国正品，精选泰国人气商品，泰国直邮。,"Kodomo Baby Powder Pink 50g (Pack of 12) — 100% authentic Thai product, shipped directly from Thailand.",8900,CNY,50,750,Personal Care,Kodomo|个人护理|泰国日用品|泰国正品,https://ljvjlhinehgehdpjhbfe.supabase.co/storage/v1/object/public/siambox-products/products/kdm-bpw-50g-12pk.webp,true,https://www.makro.pro/th/p/123342-7352472961219
NMM-OIL-60ML-3PK,namman-muay-oil-60ml-3pcs,น้ำมันมวย บรรเทาปวดเมื่อย 60 มล. (แพ็ก 3 ขวด),泰拳按摩油 60毫升 (3瓶装),Namman Muay Analgesic Oil 60ml (Pack of 3),น้ำมันมวย บรรเทาปวดเมื่อย 60 มล. (แพ็ก 3 ขวด) สินค้าของแท้ 100% จากประเทศไทย คัดสรรสินค้ายอดนิยมส่งตรงถึงมือคุณ,泰拳按摩油 60毫升 (3瓶装)，泰国正品，精选泰国人气商品，泰国直邮。,"Namman Muay Analgesic Oil 60ml (Pack of 3) — 100% authentic Thai product, shipped directly from Thailand.",15800,CNY,50,300,Herbal Products,泰拳按摩油|泰国草药|传统泰式|泰国正品,https://ljvjlhinehgehdpjhbfe.supabase.co/storage/v1/object/public/siambox-products/products/nmm-oil-60ml-3pk.webp,true,https://www.makro.pro/th/p/850094-7499708432579
SFL-MSQ-FLR-8ML-24PK,soffell-mosquito-lotion-floral-8ml-24pcs,ซอฟเฟล โลชั่นทากันยุง กลิ่นฟลอร่า 8 มล. (แพ็ก 24 ซอง),Soffell 驱蚊液花香便携装 8毫升 (24包装),Soffell Mosquito Repellent Lotion Floral 8ml (Pack of 24),ซอฟเฟล โลชั่นทากันยุง กลิ่นฟลอร่า 8 มล. (แพ็ก 24 ซอง) สินค้าของแท้ 100% จากประเทศไทย คัดสรรสินค้ายอดนิยมส่งตรงถึงมือคุณ,Soffell 驱蚊液花香便携装 8毫升 (24包装)，泰国正品，精选泰国人气商品，泰国直邮。,"Soffell Mosquito Repellent Lotion Floral 8ml (Pack of 24) — 100% authentic Thai product, shipped directly from Thailand.",6200,CNY,50,300,Personal Care,Soffell|个人护理|泰国日用品|泰国正品,https://ljvjlhinehgehdpjhbfe.supabase.co/storage/v1/object/public/siambox-products/products/sfl-msq-flr-8ml-24pk.webp,true,https://www.makro.pro/th/p/201782-7275655856323
SSL-SHP-BTF-150ML-6PK,sunsilk-natural-butterfly-pea-shampoo-150ml-6pcs,ซันซิล เนเชอรัล แชมพู อัญชันและมะกรูด 150 มล. (แพ็ก 6 ขวด),夏士莲蝶豆花青柠洗发水 150毫升 (6瓶装),Sunsilk Natural Butterfly Pea & Kaffir Lime Shampoo 150ml (Pack of 6),ซันซิล เนเชอรัล แชมพู อัญชันและมะกรูด 150 มล. (แพ็ก 6 ขวด) สินค้าของแท้ 100% จากประเทศไทย คัดสรรสินค้ายอดนิยมส่งตรงถึงมือคุณ,夏士莲蝶豆花青柠洗发水 150毫升 (6瓶装)，泰国正品，精选泰国人气商品，泰国直邮。,"Sunsilk Natural Butterfly Pea & Kaffir Lime Shampoo 150ml (Pack of 6) — 100% authentic Thai product, shipped directly from Thailand.",9200,CNY,50,1050,Hair Care,夏士莲蝶豆花青柠洗发水|泰国洗护|头发护理|泰国正品,https://ljvjlhinehgehdpjhbfe.supabase.co/storage/v1/object/public/siambox-products/products/ssl-shp-btf-150ml-6pk.webp,true,https://www.makro.pro/th/p/862076-7350156067011
